id,pilar,prioridad,notebook_principal,estado,responsable,archivo_respuesta,fecha_revision,puntuacion_autoevaluacion,puntuacion_revision_independiente,resultado_revision,bloqueo
JEV-P01-001,P01,A,https://notebook.google.com/notebook/73562a8d-849b-459d-8f96-755f359a665f,en_revision,Antigravity,docs/programa-jev/base-conocimiento/respuestas/P01/JEV-P01-001.md,2026-09-20,19/20,pendiente,pendiente,
JEV-P01-002,P01,A,https://notebook.google.com/notebook/73562a8d-849b-459d-8f96-755f359a665f,en_revision,Antigravity,docs/programa-jev/base-conocimiento/respuestas/P01/JEV-P01-002.md,2026-09-20,19/20,pendiente,pendiente,
JEV-P01-003,P01,A,https://notebook.google.com/notebook/73562a8d-849b-459d-8f96-755f359a665f,en_revision,Antigravity,docs/programa-jev/base-conocimiento/respuestas/P01/JEV-P01-003.md,2026-09-20,19/20,pendiente,pendiente,
JEV-P01-004,P01,A,https://notebook.google.com/notebook/73562a8d-849b-459d-8f96-755f359a665f,en_revision,Antigravity,docs/programa-jev/base-conocimiento/respuestas/P01/JEV-P01-004.md,2026-09-20,20/20,pendiente,pendiente,
JEV-P01-005,P01,A,https://notebook.google.com/notebook/73562a8d-849b-459d-8f96-755f359a665f,en_revision,Antigravity,docs/programa-jev/base-conocimiento/respuestas/P01/JEV-P01-005.md,2026-09-20,20/20,pendiente,pendiente,
JEV-P01-006,P01,B,https://notebook.google.com/notebook/73562a8d-849b-459d-8f96-755f359a665f,en_revision,Antigravity,docs/programa-jev/base-conocimiento/respuestas/P01/JEV-P01-006.md,2026-09-20,20/20,pendiente,pendiente,
JEV-P01-007,P01,B,https://notebook.google.com/notebook/73562a8d-849b-459d-8f96-755f359a665f,en_revision,Antigravity,docs/programa-jev/base-conocimiento/respuestas/P01/JEV-P01-007.md,2026-09-20,20/20,pendiente,pendiente,
JEV-P01-008,P01,B,https://notebook.google.com/notebook/73562a8d-849b-459d-8f96-755f359a665f,en_revision,Antigravity,docs/programa-jev/base-conocimiento/respuestas/P01/JEV-P01-008.md,2026-09-20,20/20,pendiente,pendiente,
JEV-P01-009,P01,B,https://notebook.google.com/notebook/73562a8d-849b-459d-8f96-755f359a665f,en_revision,Antigravity,docs/programa-jev/base-conocimiento/respuestas/P01/JEV-P01-009.md,2026-09-20,20/20,pendiente,pendiente,
JEV-P01-010,P01,B,https://notebook.google.com/notebook/73562a8d-849b-459d-8f96-755f359a665f,en_revision,Antigravity,docs/programa-jev/base-conocimiento/respuestas/P01/JEV-P01-010.md,2026-09-20,20/20,pendiente,pendiente,
JEV-P01-011,P01,B,https://notebook.google.com/notebook/73562a8d-849b-459d-8f96-755f359a665f,en_revision,Antigravity,docs/programa-jev/base-conocimiento/respuestas/P01/JEV-P01-011.md,2026-09-20,20/20,pendiente,pendiente,
JEV-P01-012,P01,B,https://notebook.google.com/notebook/73562a8d-849b-459d-8f96-755f359a665f,en_revision,Antigravity,docs/programa-jev/base-conocimiento/respuestas/P01/JEV-P01-012.md,2026-09-20,20/20,pendiente,pendiente,
JEV-P01-013,P01,B,https://notebook.google.com/notebook/73562a8d-849b-459d-8f96-755f359a665f,en_revision,Antigravity,docs/programa-jev/base-conocimiento/respuestas/P01/JEV-P01-013.md,2026-09-20,20/20,pendiente,pendiente,
JEV-P01-014,P01,B,https://notebook.google.com/notebook/73562a8d-849b-459d-8f96-755f359a665f,en_revision,Antigravity,docs/programa-jev/base-conocimiento/respuestas/P01/JEV-P01-014.md,2026-09-20,20/20,pendiente,pendiente,
JEV-P01-015,P01,B,https://notebook.google.com/notebook/73562a8d-849b-459d-8f96-755f359a665f,en_revision,Antigravity,docs/programa-jev/base-conocimiento/respuestas/P01/JEV-P01-015.md,2026-09-20,20/20,pendiente,pendiente,
JEV-P01-016,P01,B,https://notebook.google.com/notebook/73562a8d-849b-459d-8f96-755f359a665f,en_revision,Antigravity,docs/programa-jev/base-conocimiento/respuestas/P01/JEV-P01-016.md,2026-09-20,20/20,pendiente,pendiente,
JEV-P01-017,P01,B,https://notebook.google.com/notebook/73562a8d-849b-459d-8f96-755f359a665f,en_revision,Antigravity,docs/programa-jev/base-conocimiento/respuestas/P01/JEV-P01-017.md,2026-09-20,20/20,pendiente,pendiente,
JEV-P01-018,P01,B,https://notebook.google.com/notebook/73562a8d-849b-459d-8f96-755f359a665f,en_revision,Antigravity,docs/programa-jev/base-conocimiento/respuestas/P01/JEV-P01-018.md,2026-09-20,20/20,pendiente,pendiente,
JEV-P01-019,P01,B,https://notebook.google.com/notebook/73562a8d-849b-459d-8f96-755f359a665f,en_revision,Antigravity,docs/programa-jev/base-conocimiento/respuestas/P01/JEV-P01-019.md,2026-09-20,20/20,pendiente,pendiente,
JEV-P01-020,P01,B,https://notebook.google.com/notebook/73562a8d-849b-459d-8f96-755f359a665f,en_revision,Antigravity,docs/programa-jev/base-conocimiento/respuestas/P01/JEV-P01-020.md,2026-09-20,20/20,pendiente,pendiente,
JEV-P02-001,P02,A,https://notebook.google.com/notebook/079161fb-3da9-4c89-ba27-ffa707e7fca0,en_revision,Antigravity,docs/programa-jev/base-conocimiento/respuestas/P02/JEV-P02-001.md,2026-09-20,20/20,pendiente,pendiente,
JEV-P02-002,P02,A,https://notebook.google.com/notebook/079161fb-3da9-4c89-ba27-ffa707e7fca0,en_revision,Antigravity,docs/programa-jev/base-conocimiento/respuestas/P02/JEV-P02-002.md,2026-09-20,20/20,pendiente,pendiente,
JEV-P02-003,P02,A,https://notebook.google.com/notebook/079161fb-3da9-4c89-ba27-ffa707e7fca0,en_revision,Antigravity,docs/programa-jev/base-conocimiento/respuestas/P02/JEV-P02-003.md,2026-09-20,20/20,pendiente,pendiente,
JEV-P02-004,P02,A,https://notebook.google.com/notebook/079161fb-3da9-4c89-ba27-ffa707e7fca0,en_revision,Antigravity,docs/programa-jev/base-conocimiento/respuestas/P02/JEV-P02-004.md,2026-09-20,20/20,pendiente,pendiente,
JEV-P02-005,P02,A,https://notebook.google.com/notebook/079161fb-3da9-4c89-ba27-ffa707e7fca0,en_revision,Antigravity,docs/programa-jev/base-conocimiento/respuestas/P02/JEV-P02-005.md,2026-09-20,20/20,pendiente,pendiente,
JEV-P02-006,P02,B,https://notebook.google.com/notebook/079161fb-3da9-4c89-ba27-ffa707e7fca0,en_revision,Antigravity,docs/programa-jev/base-conocimiento/respuestas/P02/JEV-P02-006.md,2026-09-20,20/20,pendiente,pendiente,
JEV-P02-007,P02,B,https://notebook.google.com/notebook/079161fb-3da9-4c89-ba27-ffa707e7fca0,en_revision,Antigravity,docs/programa-jev/base-conocimiento/respuestas/P02/JEV-P02-007.md,2026-09-20,20/20,pendiente,pendiente,
JEV-P02-008,P02,B,https://notebook.google.com/notebook/079161fb-3da9-4c89-ba27-ffa707e7fca0,en_revision,Antigravity,docs/programa-jev/base-conocimiento/respuestas/P02/JEV-P02-008.md,2026-09-20,20/20,pendiente,pendiente,
JEV-P02-009,P02,B,https://notebook.google.com/notebook/079161fb-3da9-4c89-ba27-ffa707e7fca0,en_revision,Antigravity,docs/programa-jev/base-conocimiento/respuestas/P02/JEV-P02-009.md,2026-09-20,20/20,pendiente,pendiente,
JEV-P02-010,P02,B,https://notebook.google.com/notebook/079161fb-3da9-4c89-ba27-ffa707e7fca0,en_revision,Antigravity,docs/programa-jev/base-conocimiento/respuestas/P02/JEV-P02-010.md,2026-09-20,20/20,pendiente,pendiente,
JEV-P02-011,P02,B,https://notebook.google.com/notebook/079161fb-3da9-4c89-ba27-ffa707e7fca0,en_revision,Antigravity,docs/programa-jev/base-conocimiento/respuestas/P02/JEV-P02-011.md,2026-09-20,20/20,pendiente,pendiente,
JEV-P02-012,P02,B,https://notebook.google.com/notebook/079161fb-3da9-4c89-ba27-ffa707e7fca0,en_revision,Antigravity,docs/programa-jev/base-conocimiento/respuestas/P02/JEV-P02-012.md,2026-09-20,20/20,pendiente,pendiente,
JEV-P02-013,P02,B,https://notebook.google.com/notebook/079161fb-3da9-4c89-ba27-ffa707e7fca0,en_revision,Antigravity,docs/programa-jev/base-conocimiento/respuestas/P02/JEV-P02-013.md,2026-09-20,20/20,pendiente,pendiente,
JEV-P02-014,P02,B,https://notebook.google.com/notebook/079161fb-3da9-4c89-ba27-ffa707e7fca0,en_revision,Antigravity,docs/programa-jev/base-conocimiento/respuestas/P02/JEV-P02-014.md,2026-09-20,20/20,pendiente,pendiente,
JEV-P02-015,P02,B,https://notebook.google.com/notebook/079161fb-3da9-4c89-ba27-ffa707e7fca0,en_revision,Antigravity,docs/programa-jev/base-conocimiento/respuestas/P02/JEV-P02-015.md,2026-09-20,20/20,pendiente,pendiente,
JEV-P02-016,P02,B,https://notebook.google.com/notebook/079161fb-3da9-4c89-ba27-ffa707e7fca0,en_revision,Antigravity,docs/programa-jev/base-conocimiento/respuestas/P02/JEV-P02-016.md,2026-09-20,20/20,pendiente,pendiente,
JEV-P02-017,P02,B,https://notebook.google.com/notebook/079161fb-3da9-4c89-ba27-ffa707e7fca0,en_revision,Antigravity,docs/programa-jev/base-conocimiento/respuestas/P02/JEV-P02-017.md,2026-09-20,20/20,pendiente,pendiente,
JEV-P02-018,P02,B,https://notebook.google.com/notebook/079161fb-3da9-4c89-ba27-ffa707e7fca0,en_revision,Antigravity,docs/programa-jev/base-conocimiento/respuestas/P02/JEV-P02-018.md,2026-09-20,20/20,pendiente,pendiente,
JEV-P02-019,P02,B,https://notebook.google.com/notebook/079161fb-3da9-4c89-ba27-ffa707e7fca0,en_revision,Antigravity,docs/programa-jev/base-conocimiento/respuestas/P02/JEV-P02-019.md,2026-09-20,20/20,pendiente,pendiente,
JEV-P02-020,P02,B,https://notebook.google.com/notebook/079161fb-3da9-4c89-ba27-ffa707e7fca0,en_revision,Antigravity,docs/programa-jev/base-conocimiento/respuestas/P02/JEV-P02-020.md,2026-09-20,20/20,pendiente,pendiente,
JEV-P03-001,P03,A,https://notebook.google.com/notebook/420bc955-32d2-44bf-b9ad-e3b8a7874d43,en_revision,Antigravity,docs/programa-jev/base-conocimiento/respuestas/P03/JEV-P03-001.md,2026-09-20,20/20,pendiente,pendiente,
JEV-P03-002,P03,A,https://notebook.google.com/notebook/420bc955-32d2-44bf-b9ad-e3b8a7874d43,en_revision,Antigravity,docs/programa-jev/base-conocimiento/respuestas/P03/JEV-P03-002.md,2026-09-20,20/20,pendiente,pendiente,
JEV-P03-003,P03,A,https://notebook.google.com/notebook/420bc955-32d2-44bf-b9ad-e3b8a7874d43,en_revision,Antigravity,docs/programa-jev/base-conocimiento/respuestas/P03/JEV-P03-003.md,2026-09-20,20/20,pendiente,pendiente,
JEV-P03-004,P03,A,https://notebook.google.com/notebook/420bc955-32d2-44bf-b9ad-e3b8a7874d43,en_revision,Antigravity,docs/programa-jev/base-conocimiento/respuestas/P03/JEV-P03-004.md,2026-09-20,20/20,pendiente,pendiente,
JEV-P03-005,P03,A,https://notebook.google.com/notebook/420bc955-32d2-44bf-b9ad-e3b8a7874d43,en_revision,Antigravity,docs/programa-jev/base-conocimiento/respuestas/P03/JEV-P03-005.md,2026-09-20,20/20,pendiente,pendiente,
JEV-P03-006,P03,B,https://notebook.google.com/notebook/420bc955-32d2-44bf-b9ad-e3b8a7874d43,en_revision,Antigravity,docs/programa-jev/base-conocimiento/respuestas/P03/JEV-P03-006.md,2026-09-20,20/20,pendiente,pendiente,
JEV-P03-007,P03,B,https://notebook.google.com/notebook/420bc955-32d2-44bf-b9ad-e3b8a7874d43,en_revision,Antigravity,docs/programa-jev/base-conocimiento/respuestas/P03/JEV-P03-007.md,2026-09-20,20/20,pendiente,pendiente,
JEV-P03-008,P03,B,https://notebook.google.com/notebook/420bc955-32d2-44bf-b9ad-e3b8a7874d43,en_revision,Antigravity,docs/programa-jev/base-conocimiento/respuestas/P03/JEV-P03-008.md,2026-09-20,20/20,pendiente,pendiente,
JEV-P03-009,P03,B,https://notebook.google.com/notebook/420bc955-32d2-44bf-b9ad-e3b8a7874d43,en_revision,Antigravity,docs/programa-jev/base-conocimiento/respuestas/P03/JEV-P03-009.md,2026-09-20,20/20,pendiente,pendiente,
JEV-P03-010,P03,B,https://notebook.google.com/notebook/420bc955-32d2-44bf-b9ad-e3b8a7874d43,en_revision,Antigravity,docs/programa-jev/base-conocimiento/respuestas/P03/JEV-P03-010.md,2026-09-20,20/20,pendiente,pendiente,
JEV-P03-011,P03,B,https://notebook.google.com/notebook/420bc955-32d2-44bf-b9ad-e3b8a7874d43,en_revision,Antigravity,docs/programa-jev/base-conocimiento/respuestas/P03/JEV-P03-011.md,2026-09-20,20/20,pendiente,pendiente,
JEV-P03-012,P03,B,https://notebook.google.com/notebook/420bc955-32d2-44bf-b9ad-e3b8a7874d43,en_revision,Antigravity,docs/programa-jev/base-conocimiento/respuestas/P03/JEV-P03-012.md,2026-09-20,20/20,pendiente,pendiente,
JEV-P03-013,P03,B,https://notebook.google.com/notebook/420bc955-32d2-44bf-b9ad-e3b8a7874d43,en_revision,Antigravity,docs/programa-jev/base-conocimiento/respuestas/P03/JEV-P03-013.md,2026-09-20,20/20,pendiente,pendiente,
JEV-P03-014,P03,B,https://notebook.google.com/notebook/420bc955-32d2-44bf-b9ad-e3b8a7874d43,en_revision,Antigravity,docs/programa-jev/base-conocimiento/respuestas/P03/JEV-P03-014.md,2026-09-20,20/20,pendiente,pendiente,
JEV-P03-015,P03,B,https://notebook.google.com/notebook/420bc955-32d2-44bf-b9ad-e3b8a7874d43,en_revision,Antigravity,docs/programa-jev/base-conocimiento/respuestas/P03/JEV-P03-015.md,2026-09-20,20/20,pendiente,pendiente,
JEV-P03-016,P03,B,https://notebook.google.com/notebook/420bc955-32d2-44bf-b9ad-e3b8a7874d43,en_revision,Antigravity,docs/programa-jev/base-conocimiento/respuestas/P03/JEV-P03-016.md,2026-09-20,20/20,pendiente,pendiente,
JEV-P03-017,P03,B,https://notebook.google.com/notebook/420bc955-32d2-44bf-b9ad-e3b8a7874d43,en_revision,Antigravity,docs/programa-jev/base-conocimiento/respuestas/P03/JEV-P03-017.md,2026-09-20,20/20,pendiente,pendiente,
JEV-P03-018,P03,B,https://notebook.google.com/notebook/420bc955-32d2-44bf-b9ad-e3b8a7874d43,en_revision,Antigravity,docs/programa-jev/base-conocimiento/respuestas/P03/JEV-P03-018.md,2026-09-20,20/20,pendiente,pendiente,
JEV-P03-019,P03,B,https://notebook.google.com/notebook/420bc955-32d2-44bf-b9ad-e3b8a7874d43,en_revision,Antigravity,docs/programa-jev/base-conocimiento/respuestas/P03/JEV-P03-019.md,2026-09-20,20/20,pendiente,pendiente,
JEV-P03-020,P03,B,https://notebook.google.com/notebook/420bc955-32d2-44bf-b9ad-e3b8a7874d43,en_revision,Antigravity,docs/programa-jev/base-conocimiento/respuestas/P03/JEV-P03-020.md,2026-09-20,20/20,pendiente,pendiente,
JEV-P04-001,P04,A,https://notebook.google.com/notebook/97480264-ff2c-4816-9dec-4b8ce071500a,en_revision,Antigravity,docs/programa-jev/base-conocimiento/respuestas/P04/JEV-P04-001.md,2026-09-20,20/20,pendiente,pendiente,
JEV-P04-002,P04,A,https://notebook.google.com/notebook/97480264-ff2c-4816-9dec-4b8ce071500a,en_revision,Antigravity,docs/programa-jev/base-conocimiento/respuestas/P04/JEV-P04-002.md,2026-09-20,20/20,pendiente,pendiente,
JEV-P04-003,P04,A,https://notebook.google.com/notebook/97480264-ff2c-4816-9dec-4b8ce071500a,en_revision,Antigravity,docs/programa-jev/base-conocimiento/respuestas/P04/JEV-P04-003.md,2026-09-20,20/20,pendiente,pendiente,
JEV-P04-004,P04,A,https://notebook.google.com/notebook/97480264-ff2c-4816-9dec-4b8ce071500a,en_revision,Antigravity,docs/programa-jev/base-conocimiento/respuestas/P04/JEV-P04-004.md,2026-09-20,20/20,pendiente,pendiente,
JEV-P04-005,P04,A,https://notebook.google.com/notebook/97480264-ff2c-4816-9dec-4b8ce071500a,en_revision,Antigravity,docs/programa-jev/base-conocimiento/respuestas/P04/JEV-P04-005.md,2026-09-20,20/20,pendiente,pendiente,
JEV-P04-006,P04,B,https://notebook.google.com/notebook/97480264-ff2c-4816-9dec-4b8ce071500a,en_revision,Antigravity,docs/programa-jev/base-conocimiento/respuestas/P04/JEV-P04-006.md,2026-09-20,20/20,pendiente,pendiente,
JEV-P04-007,P04,B,https://notebook.google.com/notebook/97480264-ff2c-4816-9dec-4b8ce071500a,en_revision,Antigravity,docs/programa-jev/base-conocimiento/respuestas/P04/JEV-P04-007.md,2026-09-20,20/20,pendiente,pendiente,
JEV-P04-008,P04,B,https://notebook.google.com/notebook/97480264-ff2c-4816-9dec-4b8ce071500a,en_revision,Antigravity,docs/programa-jev/base-conocimiento/respuestas/P04/JEV-P04-008.md,2026-09-20,20/20,pendiente,pendiente,
JEV-P04-009,P04,B,https://notebook.google.com/notebook/97480264-ff2c-4816-9dec-4b8ce071500a,en_revision,Antigravity,docs/programa-jev/base-conocimiento/respuestas/P04/JEV-P04-009.md,2026-09-20,20/20,pendiente,pendiente,
JEV-P04-010,P04,B,https://notebook.google.com/notebook/97480264-ff2c-4816-9dec-4b8ce071500a,en_revision,Antigravity,docs/programa-jev/base-conocimiento/respuestas/P04/JEV-P04-010.md,2026-09-20,20/20,pendiente,pendiente,
JEV-P04-011,P04,B,https://notebook.google.com/notebook/97480264-ff2c-4816-9dec-4b8ce071500a,en_revision,Antigravity,docs/programa-jev/base-conocimiento/respuestas/P04/JEV-P04-011.md,2026-09-20,20/20,pendiente,pendiente,
JEV-P04-012,P04,B,https://notebook.google.com/notebook/97480264-ff2c-4816-9dec-4b8ce071500a,en_revision,Antigravity,docs/programa-jev/base-conocimiento/respuestas/P04/JEV-P04-012.md,2026-09-20,20/20,pendiente,pendiente,
JEV-P04-013,P04,B,https://notebook.google.com/notebook/97480264-ff2c-4816-9dec-4b8ce071500a,en_revision,Antigravity,docs/programa-jev/base-conocimiento/respuestas/P04/JEV-P04-013.md,2026-09-20,20/20,pendiente,pendiente,
JEV-P04-014,P04,B,https://notebook.google.com/notebook/97480264-ff2c-4816-9dec-4b8ce071500a,en_revision,Antigravity,docs/programa-jev/base-conocimiento/respuestas/P04/JEV-P04-014.md,2026-09-20,20/20,pendiente,pendiente,
JEV-P04-015,P04,B,https://notebook.google.com/notebook/97480264-ff2c-4816-9dec-4b8ce071500a,en_revision,Antigravity,docs/programa-jev/base-conocimiento/respuestas/P04/JEV-P04-015.md,2026-09-20,20/20,pendiente,pendiente,
JEV-P04-016,P04,B,https://notebook.google.com/notebook/97480264-ff2c-4816-9dec-4b8ce071500a,en_revision,Antigravity,docs/programa-jev/base-conocimiento/respuestas/P04/JEV-P04-016.md,2026-09-20,20/20,pendiente,pendiente,
JEV-P04-017,P04,B,https://notebook.google.com/notebook/97480264-ff2c-4816-9dec-4b8ce071500a,en_revision,Antigravity,docs/programa-jev/base-conocimiento/respuestas/P04/JEV-P04-017.md,2026-09-20,20/20,pendiente,pendiente,
JEV-P04-018,P04,B,https://notebook.google.com/notebook/97480264-ff2c-4816-9dec-4b8ce071500a,en_revision,Antigravity,docs/programa-jev/base-conocimiento/respuestas/P04/JEV-P04-018.md,2026-09-20,20/20,pendiente,pendiente,
JEV-P04-019,P04,B,https://notebook.google.com/notebook/97480264-ff2c-4816-9dec-4b8ce071500a,en_revision,Antigravity,docs/programa-jev/base-conocimiento/respuestas/P04/JEV-P04-019.md,2026-09-20,20/20,pendiente,pendiente,
JEV-P04-020,P04,B,https://notebook.google.com/notebook/97480264-ff2c-4816-9dec-4b8ce071500a,en_revision,Antigravity,docs/programa-jev/base-conocimiento/respuestas/P04/JEV-P04-020.md,2026-09-20,20/20,pendiente,pendiente,
JEV-P05-001,P05,A,https://notebook.google.com/notebook/d65c48bf-c7d3-44d4-b0cf-79842f3df7dc,en_revision,Antigravity,docs/programa-jev/base-conocimiento/respuestas/P05/JEV-P05-001.md,2026-09-20,20/20,pendiente,pendiente,
JEV-P05-002,P05,A,https://notebook.google.com/notebook/d65c48bf-c7d3-44d4-b0cf-79842f3df7dc,en_revision,Antigravity,docs/programa-jev/base-conocimiento/respuestas/P05/JEV-P05-002.md,2026-09-20,20/20,pendiente,pendiente,
JEV-P05-003,P05,A,https://notebook.google.com/notebook/d65c48bf-c7d3-44d4-b0cf-79842f3df7dc,en_revision,Antigravity,docs/programa-jev/base-conocimiento/respuestas/P05/JEV-P05-003.md,2026-09-20,20/20,pendiente,pendiente,
JEV-P05-004,P05,A,https://notebook.google.com/notebook/d65c48bf-c7d3-44d4-b0cf-79842f3df7dc,en_revision,Antigravity,docs/programa-jev/base-conocimiento/respuestas/P05/JEV-P05-004.md,2026-09-20,20/20,pendiente,pendiente,
JEV-P05-005,P05,A,https://notebook.google.com/notebook/d65c48bf-c7d3-44d4-b0cf-79842f3df7dc,en_revision,Antigravity,docs/programa-jev/base-conocimiento/respuestas/P05/JEV-P05-005.md,2026-09-20,20/20,pendiente,pendiente,
JEV-P05-006,P05,B,https://notebook.google.com/notebook/d65c48bf-c7d3-44d4-b0cf-79842f3df7dc,en_revision,Antigravity,docs/programa-jev/base-conocimiento/respuestas/P05/JEV-P05-006.md,2026-09-20,20/20,pendiente,pendiente,
JEV-P05-007,P05,B,https://notebook.google.com/notebook/d65c48bf-c7d3-44d4-b0cf-79842f3df7dc,en_revision,Antigravity,docs/programa-jev/base-conocimiento/respuestas/P05/JEV-P05-007.md,2026-09-20,20/20,pendiente,pendiente,
JEV-P05-008,P05,B,https://notebook.google.com/notebook/d65c48bf-c7d3-44d4-b0cf-79842f3df7dc,en_revision,Antigravity,docs/programa-jev/base-conocimiento/respuestas/P05/JEV-P05-008.md,2026-09-20,20/20,pendiente,pendiente,
JEV-P05-009,P05,A,https://notebook.google.com/notebook/d65c48bf-c7d3-44d4-b0cf-79842f3df7dc,en_revision,Antigravity,docs/programa-jev/base-conocimiento/respuestas/P05/JEV-P05-009.md,2026-09-20,20/20,pendiente,pendiente,
JEV-P05-010,P05,A,https://notebook.google.com/notebook/d65c48bf-c7d3-44d4-b0cf-79842f3df7dc,en_revision,Antigravity,docs/programa-jev/base-conocimiento/respuestas/P05/JEV-P05-010.md,2026-09-20,20/20,pendiente,pendiente,
JEV-P05-011,P05,B,https://notebook.google.com/notebook/d65c48bf-c7d3-44d4-b0cf-79842f3df7dc,en_revision,Antigravity,docs/programa-jev/base-conocimiento/respuestas/P05/JEV-P05-011.md,2026-09-20,20/20,pendiente,pendiente,
JEV-P05-012,P05,B,https://notebook.google.com/notebook/d65c48bf-c7d3-44d4-b0cf-79842f3df7dc,en_revision,Antigravity,docs/programa-jev/base-conocimiento/respuestas/P05/JEV-P05-012.md,2026-09-20,20/20,pendiente,pendiente,
JEV-P05-013,P05,B,https://notebook.google.com/notebook/d65c48bf-c7d3-44d4-b0cf-79842f3df7dc,en_revision,Antigravity,docs/programa-jev/base-conocimiento/respuestas/P05/JEV-P05-013.md,2026-09-20,20/20,pendiente,pendiente,
JEV-P05-014,P05,B,https://notebook.google.com/notebook/d65c48bf-c7d3-44d4-b0cf-79842f3df7dc,en_revision,Antigravity,docs/programa-jev/base-conocimiento/respuestas/P05/JEV-P05-014.md,2026-09-20,20/20,pendiente,pendiente,
JEV-P05-015,P05,B,https://notebook.google.com/notebook/d65c48bf-c7d3-44d4-b0cf-79842f3df7dc,en_revision,Antigravity,docs/programa-jev/base-conocimiento/respuestas/P05/JEV-P05-015.md,2026-09-20,20/20,pendiente,pendiente,
JEV-P05-016,P05,B,https://notebook.google.com/notebook/d65c48bf-c7d3-44d4-b0cf-79842f3df7dc,en_revision,Antigravity,docs/programa-jev/base-conocimiento/respuestas/P05/JEV-P05-016.md,2026-09-20,20/20,pendiente,pendiente,
JEV-P05-017,P05,B,https://notebook.google.com/notebook/d65c48bf-c7d3-44d4-b0cf-79842f3df7dc,en_revision,Antigravity,docs/programa-jev/base-conocimiento/respuestas/P05/JEV-P05-017.md,2026-09-20,20/20,pendiente,pendiente,
JEV-P05-018,P05,B,https://notebook.google.com/notebook/d65c48bf-c7d3-44d4-b0cf-79842f3df7dc,en_revision,Antigravity,docs/programa-jev/base-conocimiento/respuestas/P05/JEV-P05-018.md,2026-09-20,20/20,pendiente,pendiente,
JEV-P05-019,P05,B,https://notebook.google.com/notebook/d65c48bf-c7d3-44d4-b0cf-79842f3df7dc,en_revision,Antigravity,docs/programa-jev/base-conocimiento/respuestas/P05/JEV-P05-019.md,2026-09-20,20/20,pendiente,pendiente,
JEV-P05-020,P05,B,https://notebook.google.com/notebook/d65c48bf-c7d3-44d4-b0cf-79842f3df7dc,en_revision,Antigravity,docs/programa-jev/base-conocimiento/respuestas/P05/JEV-P05-020.md,2026-09-20,20/20,pendiente,pendiente,
JEV-P06-001,P06,A,https://notebook.google.com/notebook/9b87f42f-e3f9-49ca-afb4-affe7c6259da,en_revision,Antigravity,docs/programa-jev/base-conocimiento/respuestas/P06/JEV-P06-001.md,2026-09-20,20/20,pendiente,pendiente,
JEV-P06-002,P06,A,https://notebook.google.com/notebook/9b87f42f-e3f9-49ca-afb4-affe7c6259da,en_revision,Antigravity,docs/programa-jev/base-conocimiento/respuestas/P06/JEV-P06-002.md,2026-09-20,20/20,pendiente,pendiente,
JEV-P06-003,P06,A,https://notebook.google.com/notebook/9b87f42f-e3f9-49ca-afb4-affe7c6259da,en_revision,Antigravity,docs/programa-jev/base-conocimiento/respuestas/P06/JEV-P06-003.md,2026-09-20,20/20,pendiente,pendiente,
JEV-P06-004,P06,A,https://notebook.google.com/notebook/9b87f42f-e3f9-49ca-afb4-affe7c6259da,en_revision,Antigravity,docs/programa-jev/base-conocimiento/respuestas/P06/JEV-P06-004.md,2026-09-20,20/20,pendiente,pendiente,
JEV-P06-005,P06,A,https://notebook.google.com/notebook/9b87f42f-e3f9-49ca-afb4-affe7c6259da,en_revision,Antigravity,docs/programa-jev/base-conocimiento/respuestas/P06/JEV-P06-005.md,2026-09-20,20/20,pendiente,pendiente,
JEV-P06-006,P06,B,https://notebook.google.com/notebook/9b87f42f-e3f9-49ca-afb4-affe7c6259da,en_revision,Antigravity,docs/programa-jev/base-conocimiento/respuestas/P06/JEV-P06-006.md,2026-09-20,20/20,pendiente,pendiente,
JEV-P06-007,P06,B,https://notebook.google.com/notebook/9b87f42f-e3f9-49ca-afb4-affe7c6259da,en_revision,Antigravity,docs/programa-jev/base-conocimiento/respuestas/P06/JEV-P06-007.md,2026-09-20,20/20,pendiente,pendiente,
JEV-P06-008,P06,B,https://notebook.google.com/notebook/9b87f42f-e3f9-49ca-afb4-affe7c6259da,en_revision,Antigravity,docs/programa-jev/base-conocimiento/respuestas/P06/JEV-P06-008.md,2026-09-20,20/20,pendiente,pendiente,
JEV-P06-009,P06,B,https://notebook.google.com/notebook/9b87f42f-e3f9-49ca-afb4-affe7c6259da,en_revision,Antigravity,docs/programa-jev/base-conocimiento/respuestas/P06/JEV-P06-009.md,2026-09-20,20/20,pendiente,pendiente,
JEV-P06-010,P06,B,https://notebook.google.com/notebook/9b87f42f-e3f9-49ca-afb4-affe7c6259da,en_revision,Antigravity,docs/programa-jev/base-conocimiento/respuestas/P06/JEV-P06-010.md,2026-09-20,20/20,pendiente,pendiente,
JEV-P06-011,P06,A,https://notebook.google.com/notebook/9b87f42f-e3f9-49ca-afb4-affe7c6259da,en_revision,Antigravity,docs/programa-jev/base-conocimiento/respuestas/P06/JEV-P06-011.md,2026-09-20,20/20,pendiente,pendiente,
JEV-P06-012,P06,B,https://notebook.google.com/notebook/9b87f42f-e3f9-49ca-afb4-affe7c6259da,en_revision,Antigravity,docs/programa-jev/base-conocimiento/respuestas/P06/JEV-P06-012.md,2026-09-20,20/20,pendiente,pendiente,
JEV-P06-013,P06,B,https://notebook.google.com/notebook/9b87f42f-e3f9-49ca-afb4-affe7c6259da,en_revision,Antigravity,docs/programa-jev/base-conocimiento/respuestas/P06/JEV-P06-013.md,2026-09-20,20/20,pendiente,pendiente,
JEV-P06-014,P06,B,https://notebook.google.com/notebook/9b87f42f-e3f9-49ca-afb4-affe7c6259da,en_revision,Antigravity,docs/programa-jev/base-conocimiento/respuestas/P06/JEV-P06-014.md,2026-09-20,20/20,pendiente,pendiente,
JEV-P06-015,P06,B,https://notebook.google.com/notebook/9b87f42f-e3f9-49ca-afb4-affe7c6259da,en_revision,Antigravity,docs/programa-jev/base-conocimiento/respuestas/P06/JEV-P06-015.md,2026-09-20,20/20,pendiente,pendiente,
JEV-P06-016,P06,B,https://notebook.google.com/notebook/9b87f42f-e3f9-49ca-afb4-affe7c6259da,en_revision,Antigravity,docs/programa-jev/base-conocimiento/respuestas/P06/JEV-P06-016.md,2026-09-20,20/20,pendiente,pendiente,
JEV-P06-017,P06,B,https://notebook.google.com/notebook/9b87f42f-e3f9-49ca-afb4-affe7c6259da,en_revision,Antigravity,docs/programa-jev/base-conocimiento/respuestas/P06/JEV-P06-017.md,2026-09-20,20/20,pendiente,pendiente,
JEV-P06-018,P06,B,https://notebook.google.com/notebook/9b87f42f-e3f9-49ca-afb4-affe7c6259da,en_revision,Antigravity,docs/programa-jev/base-conocimiento/respuestas/P06/JEV-P06-018.md,2026-09-20,20/20,pendiente,pendiente,
JEV-P06-019,P06,B,https://notebook.google.com/notebook/9b87f42f-e3f9-49ca-afb4-affe7c6259da,en_revision,Antigravity,docs/programa-jev/base-conocimiento/respuestas/P06/JEV-P06-019.md,2026-09-20,20/20,pendiente,pendiente,
JEV-P06-020,P06,B,https://notebook.google.com/notebook/9b87f42f-e3f9-49ca-afb4-affe7c6259da,en_revision,Antigravity,docs/programa-jev/base-conocimiento/respuestas/P06/JEV-P06-020.md,2026-09-20,20/20,pendiente,pendiente,
JEV-P07-001,P07,A,https://notebook.google.com/notebook/c4456cc0-01f4-48aa-866e-cdc1ad44cf6a,en_revision,Antigravity,docs/programa-jev/base-conocimiento/respuestas/P07/JEV-P07-001.md,2026-09-20,20/20,pendiente,pendiente,
JEV-P07-002,P07,A,https://notebook.google.com/notebook/c4456cc0-01f4-48aa-866e-cdc1ad44cf6a,en_revision,Antigravity,docs/programa-jev/base-conocimiento/respuestas/P07/JEV-P07-002.md,2026-09-20,20/20,pendiente,pendiente,
JEV-P07-003,P07,A,https://notebook.google.com/notebook/c4456cc0-01f4-48aa-866e-cdc1ad44cf6a,en_revision,Antigravity,docs/programa-jev/base-conocimiento/respuestas/P07/JEV-P07-003.md,2026-09-20,20/20,pendiente,pendiente,
JEV-P07-004,P07,A,https://notebook.google.com/notebook/c4456cc0-01f4-48aa-866e-cdc1ad44cf6a,en_revision,Antigravity,docs/programa-jev/base-conocimiento/respuestas/P07/JEV-P07-004.md,2026-09-20,20/20,pendiente,pendiente,
JEV-P07-005,P07,A,https://notebook.google.com/notebook/c4456cc0-01f4-48aa-866e-cdc1ad44cf6a,en_revision,Antigravity,docs/programa-jev/base-conocimiento/respuestas/P07/JEV-P07-005.md,2026-09-20,20/20,pendiente,pendiente,
JEV-P07-006,P07,B,https://notebook.google.com/notebook/c4456cc0-01f4-48aa-866e-cdc1ad44cf6a,en_revision,Antigravity,docs/programa-jev/base-conocimiento/respuestas/P07/JEV-P07-006.md,2026-09-20,20/20,pendiente,pendiente,
JEV-P07-007,P07,B,https://notebook.google.com/notebook/c4456cc0-01f4-48aa-866e-cdc1ad44cf6a,en_revision,Antigravity,docs/programa-jev/base-conocimiento/respuestas/P07/JEV-P07-007.md,2026-09-20,20/20,pendiente,pendiente,
JEV-P07-008,P07,B,https://notebook.google.com/notebook/c4456cc0-01f4-48aa-866e-cdc1ad44cf6a,en_revision,Antigravity,docs/programa-jev/base-conocimiento/respuestas/P07/JEV-P07-008.md,2026-09-20,20/20,pendiente,pendiente,
JEV-P07-009,P07,B,https://notebook.google.com/notebook/c4456cc0-01f4-48aa-866e-cdc1ad44cf6a,en_revision,Antigravity,docs/programa-jev/base-conocimiento/respuestas/P07/JEV-P07-009.md,2026-09-20,20/20,pendiente,pendiente,
JEV-P07-010,P07,B,https://notebook.google.com/notebook/c4456cc0-01f4-48aa-866e-cdc1ad44cf6a,en_revision,Antigravity,docs/programa-jev/base-conocimiento/respuestas/P07/JEV-P07-010.md,2026-09-20,20/20,pendiente,pendiente,
JEV-P07-011,P07,B,https://notebook.google.com/notebook/c4456cc0-01f4-48aa-866e-cdc1ad44cf6a,en_revision,Antigravity,docs/programa-jev/base-conocimiento/respuestas/P07/JEV-P07-011.md,2026-09-20,20/20,pendiente,pendiente,
JEV-P07-012,P07,B,https://notebook.google.com/notebook/c4456cc0-01f4-48aa-866e-cdc1ad44cf6a,en_revision,Antigravity,docs/programa-jev/base-conocimiento/respuestas/P07/JEV-P07-012.md,2026-09-20,20/20,pendiente,pendiente,
JEV-P07-013,P07,B,https://notebook.google.com/notebook/c4456cc0-01f4-48aa-866e-cdc1ad44cf6a,en_revision,Antigravity,docs/programa-jev/base-conocimiento/respuestas/P07/JEV-P07-013.md,2026-09-20,20/20,pendiente,pendiente,
JEV-P07-014,P07,B,https://notebook.google.com/notebook/c4456cc0-01f4-48aa-866e-cdc1ad44cf6a,en_revision,Antigravity,docs/programa-jev/base-conocimiento/respuestas/P07/JEV-P07-014.md,2026-09-20,20/20,pendiente,pendiente,
JEV-P07-015,P07,B,https://notebook.google.com/notebook/c4456cc0-01f4-48aa-866e-cdc1ad44cf6a,en_revision,Antigravity,docs/programa-jev/base-conocimiento/respuestas/P07/JEV-P07-015.md,2026-09-20,20/20,pendiente,pendiente,
JEV-P07-016,P07,B,https://notebook.google.com/notebook/c4456cc0-01f4-48aa-866e-cdc1ad44cf6a,en_revision,Antigravity,docs/programa-jev/base-conocimiento/respuestas/P07/JEV-P07-016.md,2026-09-20,20/20,pendiente,pendiente,
JEV-P07-017,P07,B,https://notebook.google.com/notebook/c4456cc0-01f4-48aa-866e-cdc1ad44cf6a,en_revision,Antigravity,docs/programa-jev/base-conocimiento/respuestas/P07/JEV-P07-017.md,2026-09-20,20/20,pendiente,pendiente,
JEV-P07-018,P07,B,https://notebook.google.com/notebook/c4456cc0-01f4-48aa-866e-cdc1ad44cf6a,en_revision,Antigravity,docs/programa-jev/base-conocimiento/respuestas/P07/JEV-P07-018.md,2026-09-20,20/20,pendiente,pendiente,
JEV-P07-019,P07,B,https://notebook.google.com/notebook/c4456cc0-01f4-48aa-866e-cdc1ad44cf6a,en_revision,Antigravity,docs/programa-jev/base-conocimiento/respuestas/P07/JEV-P07-019.md,2026-09-20,20/20,pendiente,pendiente,
JEV-P07-020,P07,B,https://notebook.google.com/notebook/c4456cc0-01f4-48aa-866e-cdc1ad44cf6a,en_revision,Antigravity,docs/programa-jev/base-conocimiento/respuestas/P07/JEV-P07-020.md,2026-09-20,20/20,pendiente,pendiente,
JEV-P08-001,P08,A,https://notebook.google.com/notebook/ec4c11a4-5a35-49f7-83fa-743ade425e0f,en_revision,Antigravity,docs/programa-jev/base-conocimiento/respuestas/P08/JEV-P08-001.md,2026-09-20,20/20,pendiente,pendiente,
JEV-P08-002,P08,A,https://notebook.google.com/notebook/ec4c11a4-5a35-49f7-83fa-743ade425e0f,en_revision,Antigravity,docs/programa-jev/base-conocimiento/respuestas/P08/JEV-P08-002.md,2026-09-20,20/20,pendiente,pendiente,
JEV-P08-003,P08,A,https://notebook.google.com/notebook/ec4c11a4-5a35-49f7-83fa-743ade425e0f,en_revision,Antigravity,docs/programa-jev/base-conocimiento/respuestas/P08/JEV-P08-003.md,2026-09-20,20/20,pendiente,pendiente,
JEV-P08-004,P08,A,https://notebook.google.com/notebook/ec4c11a4-5a35-49f7-83fa-743ade425e0f,en_revision,Antigravity,docs/programa-jev/base-conocimiento/respuestas/P08/JEV-P08-004.md,2026-09-20,20/20,pendiente,pendiente,
JEV-P08-005,P08,A,https://notebook.google.com/notebook/ec4c11a4-5a35-49f7-83fa-743ade425e0f,en_revision,Antigravity,docs/programa-jev/base-conocimiento/respuestas/P08/JEV-P08-005.md,2026-09-20,20/20,pendiente,pendiente,
JEV-P08-006,P08,B,https://notebook.google.com/notebook/ec4c11a4-5a35-49f7-83fa-743ade425e0f,en_revision,Antigravity,docs/programa-jev/base-conocimiento/respuestas/P08/JEV-P08-006.md,2026-09-20,20/20,pendiente,pendiente,
JEV-P08-007,P08,B,https://notebook.google.com/notebook/ec4c11a4-5a35-49f7-83fa-743ade425e0f,en_revision,Antigravity,docs/programa-jev/base-conocimiento/respuestas/P08/JEV-P08-007.md,2026-09-20,20/20,pendiente,pendiente,
JEV-P08-008,P08,B,https://notebook.google.com/notebook/ec4c11a4-5a35-49f7-83fa-743ade425e0f,en_revision,Antigravity,docs/programa-jev/base-conocimiento/respuestas/P08/JEV-P08-008.md,2026-09-20,20/20,pendiente,pendiente,
JEV-P08-009,P08,B,https://notebook.google.com/notebook/ec4c11a4-5a35-49f7-83fa-743ade425e0f,en_revision,Antigravity,docs/programa-jev/base-conocimiento/respuestas/P08/JEV-P08-009.md,2026-09-20,20/20,pendiente,pendiente,
JEV-P08-010,P08,B,https://notebook.google.com/notebook/ec4c11a4-5a35-49f7-83fa-743ade425e0f,en_revision,Antigravity,docs/programa-jev/base-conocimiento/respuestas/P08/JEV-P08-010.md,2026-09-20,20/20,pendiente,pendiente,
JEV-P08-011,P08,B,https://notebook.google.com/notebook/ec4c11a4-5a35-49f7-83fa-743ade425e0f,en_revision,Antigravity,docs/programa-jev/base-conocimiento/respuestas/P08/JEV-P08-011.md,2026-09-20,20/20,pendiente,pendiente,
JEV-P08-012,P08,B,https://notebook.google.com/notebook/ec4c11a4-5a35-49f7-83fa-743ade425e0f,en_revision,Antigravity,docs/programa-jev/base-conocimiento/respuestas/P08/JEV-P08-012.md,2026-09-20,20/20,pendiente,pendiente,
JEV-P08-013,P08,B,https://notebook.google.com/notebook/ec4c11a4-5a35-49f7-83fa-743ade425e0f,en_revision,Antigravity,docs/programa-jev/base-conocimiento/respuestas/P08/JEV-P08-013.md,2026-09-20,20/20,pendiente,pendiente,
JEV-P08-014,P08,B,https://notebook.google.com/notebook/ec4c11a4-5a35-49f7-83fa-743ade425e0f,en_revision,Antigravity,docs/programa-jev/base-conocimiento/respuestas/P08/JEV-P08-014.md,2026-09-20,20/20,pendiente,pendiente,
JEV-P08-015,P08,B,https://notebook.google.com/notebook/ec4c11a4-5a35-49f7-83fa-743ade425e0f,en_revision,Antigravity,docs/programa-jev/base-conocimiento/respuestas/P08/JEV-P08-015.md,2026-09-20,20/20,pendiente,pendiente,
JEV-P08-016,P08,B,https://notebook.google.com/notebook/ec4c11a4-5a35-49f7-83fa-743ade425e0f,en_revision,Antigravity,docs/programa-jev/base-conocimiento/respuestas/P08/JEV-P08-016.md,2026-09-20,20/20,pendiente,pendiente,
JEV-P08-017,P08,B,https://notebook.google.com/notebook/ec4c11a4-5a35-49f7-83fa-743ade425e0f,en_revision,Antigravity,docs/programa-jev/base-conocimiento/respuestas/P08/JEV-P08-017.md,2026-09-20,20/20,pendiente,pendiente,
JEV-P08-018,P08,B,https://notebook.google.com/notebook/ec4c11a4-5a35-49f7-83fa-743ade425e0f,en_revision,Antigravity,docs/programa-jev/base-conocimiento/respuestas/P08/JEV-P08-018.md,2026-09-20,20/20,pendiente,pendiente,
JEV-P08-019,P08,B,https://notebook.google.com/notebook/ec4c11a4-5a35-49f7-83fa-743ade425e0f,en_revision,Antigravity,docs/programa-jev/base-conocimiento/respuestas/P08/JEV-P08-019.md,2026-09-20,20/20,pendiente,pendiente,
JEV-P08-020,P08,B,https://notebook.google.com/notebook/ec4c11a4-5a35-49f7-83fa-743ade425e0f,en_revision,Antigravity,docs/programa-jev/base-conocimiento/respuestas/P08/JEV-P08-020.md,2026-09-20,20/20,pendiente,pendiente,
JEV-P09-001,P09,A,https://notebook.google.com/notebook/9caaa68c-dd93-4ac9-b250-ac3d4fae0bdf,en_revision,Antigravity,docs/programa-jev/base-conocimiento/respuestas/P09/JEV-P09-001.md,2026-09-20,20/20,pendiente,pendiente,
JEV-P09-002,P09,A,https://notebook.google.com/notebook/9caaa68c-dd93-4ac9-b250-ac3d4fae0bdf,en_revision,Antigravity,docs/programa-jev/base-conocimiento/respuestas/P09/JEV-P09-002.md,2026-09-20,20/20,pendiente,pendiente,
JEV-P09-003,P09,A,https://notebook.google.com/notebook/9caaa68c-dd93-4ac9-b250-ac3d4fae0bdf,en_revision,Antigravity,docs/programa-jev/base-conocimiento/respuestas/P09/JEV-P09-003.md,2026-09-20,20/20,pendiente,pendiente,
JEV-P09-004,P09,A,https://notebook.google.com/notebook/9caaa68c-dd93-4ac9-b250-ac3d4fae0bdf,en_revision,Antigravity,docs/programa-jev/base-conocimiento/respuestas/P09/JEV-P09-004.md,2026-09-20,20/20,pendiente,pendiente,
JEV-P09-005,P09,A,https://notebook.google.com/notebook/9caaa68c-dd93-4ac9-b250-ac3d4fae0bdf,en_revision,Antigravity,docs/programa-jev/base-conocimiento/respuestas/P09/JEV-P09-005.md,2026-09-20,20/20,pendiente,pendiente,
JEV-P09-006,P09,B,https://notebook.google.com/notebook/9caaa68c-dd93-4ac9-b250-ac3d4fae0bdf,en_revision,Antigravity,docs/programa-jev/base-conocimiento/respuestas/P09/JEV-P09-006.md,2026-09-20,20/20,pendiente,pendiente,
JEV-P09-007,P09,B,https://notebook.google.com/notebook/9caaa68c-dd93-4ac9-b250-ac3d4fae0bdf,en_revision,Antigravity,docs/programa-jev/base-conocimiento/respuestas/P09/JEV-P09-007.md,2026-09-20,20/20,pendiente,pendiente,
JEV-P09-008,P09,B,https://notebook.google.com/notebook/9caaa68c-dd93-4ac9-b250-ac3d4fae0bdf,en_revision,Antigravity,docs/programa-jev/base-conocimiento/respuestas/P09/JEV-P09-008.md,2026-09-20,20/20,pendiente,pendiente,
JEV-P09-009,P09,B,https://notebook.google.com/notebook/9caaa68c-dd93-4ac9-b250-ac3d4fae0bdf,en_revision,Antigravity,docs/programa-jev/base-conocimiento/respuestas/P09/JEV-P09-009.md,2026-09-20,20/20,pendiente,pendiente,
JEV-P09-010,P09,B,https://notebook.google.com/notebook/9caaa68c-dd93-4ac9-b250-ac3d4fae0bdf,en_revision,Antigravity,docs/programa-jev/base-conocimiento/respuestas/P09/JEV-P09-010.md,2026-09-20,20/20,pendiente,pendiente,
JEV-P09-011,P09,B,https://notebook.google.com/notebook/9caaa68c-dd93-4ac9-b250-ac3d4fae0bdf,en_revision,Antigravity,docs/programa-jev/base-conocimiento/respuestas/P09/JEV-P09-011.md,2026-09-20,20/20,pendiente,pendiente,
JEV-P09-012,P09,B,https://notebook.google.com/notebook/9caaa68c-dd93-4ac9-b250-ac3d4fae0bdf,en_revision,Antigravity,docs/programa-jev/base-conocimiento/respuestas/P09/JEV-P09-012.md,2026-09-20,20/20,pendiente,pendiente,
JEV-P09-013,P09,B,https://notebook.google.com/notebook/9caaa68c-dd93-4ac9-b250-ac3d4fae0bdf,en_revision,Antigravity,docs/programa-jev/base-conocimiento/respuestas/P09/JEV-P09-013.md,2026-09-20,20/20,pendiente,pendiente,
JEV-P09-014,P09,B,https://notebook.google.com/notebook/9caaa68c-dd93-4ac9-b250-ac3d4fae0bdf,en_revision,Antigravity,docs/programa-jev/base-conocimiento/respuestas/P09/JEV-P09-014.md,2026-09-20,20/20,pendiente,pendiente,
JEV-P09-015,P09,A,https://notebook.google.com/notebook/9caaa68c-dd93-4ac9-b250-ac3d4fae0bdf,en_revision,Antigravity,docs/programa-jev/base-conocimiento/respuestas/P09/JEV-P09-015.md,2026-09-20,20/20,pendiente,pendiente,
JEV-P09-016,P09,B,https://notebook.google.com/notebook/9caaa68c-dd93-4ac9-b250-ac3d4fae0bdf,en_revision,Antigravity,docs/programa-jev/base-conocimiento/respuestas/P09/JEV-P09-016.md,2026-09-20,20/20,pendiente,pendiente,
JEV-P09-017,P09,B,https://notebook.google.com/notebook/9caaa68c-dd93-4ac9-b250-ac3d4fae0bdf,en_revision,Antigravity,docs/programa-jev/base-conocimiento/respuestas/P09/JEV-P09-017.md,2026-09-20,20/20,pendiente,pendiente,
JEV-P09-018,P09,B,https://notebook.google.com/notebook/9caaa68c-dd93-4ac9-b250-ac3d4fae0bdf,en_revision,Antigravity,docs/programa-jev/base-conocimiento/respuestas/P09/JEV-P09-018.md,2026-09-20,20/20,pendiente,pendiente,
JEV-P09-019,P09,B,https://notebook.google.com/notebook/9caaa68c-dd93-4ac9-b250-ac3d4fae0bdf,en_revision,Antigravity,docs/programa-jev/base-conocimiento/respuestas/P09/JEV-P09-019.md,2026-09-20,20/20,pendiente,pendiente,
JEV-P09-020,P09,B,https://notebook.google.com/notebook/9caaa68c-dd93-4ac9-b250-ac3d4fae0bdf,en_revision,Antigravity,docs/programa-jev/base-conocimiento/respuestas/P09/JEV-P09-020.md,2026-09-20,20/20,pendiente,pendiente,
JEV-P10-001,P10,A,https://notebook.google.com/notebook/762a1766-04d4-4a97-aad4-888b8a309c02,en_revision,Antigravity,docs/programa-jev/base-conocimiento/respuestas/P10/JEV-P10-001.md,2026-09-20,20/20,pendiente,pendiente,
JEV-P10-002,P10,A,https://notebook.google.com/notebook/762a1766-04d4-4a97-aad4-888b8a309c02,en_revision,Antigravity,docs/programa-jev/base-conocimiento/respuestas/P10/JEV-P10-002.md,2026-09-20,20/20,pendiente,pendiente,
JEV-P10-003,P10,A,https://notebook.google.com/notebook/762a1766-04d4-4a97-aad4-888b8a309c02,en_revision,Antigravity,docs/programa-jev/base-conocimiento/respuestas/P10/JEV-P10-003.md,2026-09-20,20/20,pendiente,pendiente,
JEV-P10-004,P10,A,https://notebook.google.com/notebook/762a1766-04d4-4a97-aad4-888b8a309c02,en_revision,Antigravity,docs/programa-jev/base-conocimiento/respuestas/P10/JEV-P10-004.md,2026-09-20,20/20,pendiente,pendiente,
JEV-P10-005,P10,A,https://notebook.google.com/notebook/762a1766-04d4-4a97-aad4-888b8a309c02,en_revision,Antigravity,docs/programa-jev/base-conocimiento/respuestas/P10/JEV-P10-005.md,2026-09-20,20/20,pendiente,pendiente,
JEV-P10-006,P10,B,https://notebook.google.com/notebook/762a1766-04d4-4a97-aad4-888b8a309c02,en_revision,Antigravity,docs/programa-jev/base-conocimiento/respuestas/P10/JEV-P10-006.md,2026-09-20,20/20,pendiente,pendiente,
JEV-P10-007,P10,B,https://notebook.google.com/notebook/762a1766-04d4-4a97-aad4-888b8a309c02,en_revision,Antigravity,docs/programa-jev/base-conocimiento/respuestas/P10/JEV-P10-007.md,2026-09-20,20/20,pendiente,pendiente,
JEV-P10-008,P10,B,https://notebook.google.com/notebook/762a1766-04d4-4a97-aad4-888b8a309c02,en_revision,Antigravity,docs/programa-jev/base-conocimiento/respuestas/P10/JEV-P10-008.md,2026-09-20,20/20,pendiente,pendiente,
JEV-P10-009,P10,B,https://notebook.google.com/notebook/762a1766-04d4-4a97-aad4-888b8a309c02,en_revision,Antigravity,docs/programa-jev/base-conocimiento/respuestas/P10/JEV-P10-009.md,2026-09-20,20/20,pendiente,pendiente,
JEV-P10-010,P10,B,https://notebook.google.com/notebook/762a1766-04d4-4a97-aad4-888b8a309c02,en_revision,Antigravity,docs/programa-jev/base-conocimiento/respuestas/P10/JEV-P10-010.md,2026-09-20,20/20,pendiente,pendiente,
JEV-P10-011,P10,B,https://notebook.google.com/notebook/762a1766-04d4-4a97-aad4-888b8a309c02,en_revision,Antigravity,docs/programa-jev/base-conocimiento/respuestas/P10/JEV-P10-011.md,2026-09-20,20/20,pendiente,pendiente,
JEV-P10-012,P10,B,https://notebook.google.com/notebook/762a1766-04d4-4a97-aad4-888b8a309c02,en_revision,Antigravity,docs/programa-jev/base-conocimiento/respuestas/P10/JEV-P10-012.md,2026-09-20,20/20,pendiente,pendiente,
JEV-P10-013,P10,B,https://notebook.google.com/notebook/762a1766-04d4-4a97-aad4-888b8a309c02,en_revision,Antigravity,docs/programa-jev/base-conocimiento/respuestas/P10/JEV-P10-013.md,2026-09-20,20/20,pendiente,pendiente,
JEV-P10-014,P10,B,https://notebook.google.com/notebook/762a1766-04d4-4a97-aad4-888b8a309c02,en_revision,Antigravity,docs/programa-jev/base-conocimiento/respuestas/P10/JEV-P10-014.md,2026-09-20,20/20,pendiente,pendiente,
JEV-P10-015,P10,B,https://notebook.google.com/notebook/762a1766-04d4-4a97-aad4-888b8a309c02,en_revision,Antigravity,docs/programa-jev/base-conocimiento/respuestas/P10/JEV-P10-015.md,2026-09-20,20/20,pendiente,pendiente,
JEV-P10-016,P10,B,https://notebook.google.com/notebook/762a1766-04d4-4a97-aad4-888b8a309c02,en_revision,Antigravity,docs/programa-jev/base-conocimiento/respuestas/P10/JEV-P10-016.md,2026-09-20,20/20,pendiente,pendiente,
JEV-P10-017,P10,B,https://notebook.google.com/notebook/762a1766-04d4-4a97-aad4-888b8a309c02,en_revision,Antigravity,docs/programa-jev/base-conocimiento/respuestas/P10/JEV-P10-017.md,2026-09-20,20/20,pendiente,pendiente,
JEV-P10-018,P10,B,https://notebook.google.com/notebook/762a1766-04d4-4a97-aad4-888b8a309c02,en_revision,Antigravity,docs/programa-jev/base-conocimiento/respuestas/P10/JEV-P10-018.md,2026-09-20,20/20,pendiente,pendiente,
JEV-P10-019,P10,B,https://notebook.google.com/notebook/762a1766-04d4-4a97-aad4-888b8a309c02,en_revision,Antigravity,docs/programa-jev/base-conocimiento/respuestas/P10/JEV-P10-019.md,2026-09-20,20/20,pendiente,pendiente,
JEV-P10-020,P10,B,https://notebook.google.com/notebook/762a1766-04d4-4a97-aad4-888b8a309c02,en_revision,Antigravity,docs/programa-jev/base-conocimiento/respuestas/P10/JEV-P10-020.md,2026-09-20,20/20,pendiente,pendiente,
JEV-P11-001,P11,A,https://notebook.google.com/notebook/703b4f94-7e0f-46e4-8fa1-7df6cb846fa0,en_revision,Antigravity,docs/programa-jev/base-conocimiento/respuestas/P11/JEV-P11-001.md,2026-09-20,20/20,pendiente,pendiente,
JEV-P11-002,P11,A,https://notebook.google.com/notebook/703b4f94-7e0f-46e4-8fa1-7df6cb846fa0,en_revision,Antigravity,docs/programa-jev/base-conocimiento/respuestas/P11/JEV-P11-002.md,2026-09-20,20/20,pendiente,pendiente,
JEV-P11-003,P11,A,https://notebook.google.com/notebook/703b4f94-7e0f-46e4-8fa1-7df6cb846fa0,en_revision,Antigravity,docs/programa-jev/base-conocimiento/respuestas/P11/JEV-P11-003.md,2026-09-20,20/20,pendiente,pendiente,
JEV-P11-004,P11,A,https://notebook.google.com/notebook/703b4f94-7e0f-46e4-8fa1-7df6cb846fa0,en_revision,Antigravity,docs/programa-jev/base-conocimiento/respuestas/P11/JEV-P11-004.md,2026-09-20,20/20,pendiente,pendiente,
JEV-P11-005,P11,A,https://notebook.google.com/notebook/703b4f94-7e0f-46e4-8fa1-7df6cb846fa0,en_revision,Antigravity,docs/programa-jev/base-conocimiento/respuestas/P11/JEV-P11-005.md,2026-09-20,20/20,pendiente,pendiente,
JEV-P11-006,P11,B,https://notebook.google.com/notebook/703b4f94-7e0f-46e4-8fa1-7df6cb846fa0,en_revision,Antigravity,docs/programa-jev/base-conocimiento/respuestas/P11/JEV-P11-006.md,2026-09-20,20/20,pendiente,pendiente,
JEV-P11-007,P11,B,https://notebook.google.com/notebook/703b4f94-7e0f-46e4-8fa1-7df6cb846fa0,en_revision,Antigravity,docs/programa-jev/base-conocimiento/respuestas/P11/JEV-P11-007.md,2026-09-20,20/20,pendiente,pendiente,
JEV-P11-008,P11,B,https://notebook.google.com/notebook/703b4f94-7e0f-46e4-8fa1-7df6cb846fa0,en_revision,Antigravity,docs/programa-jev/base-conocimiento/respuestas/P11/JEV-P11-008.md,2026-09-20,20/20,pendiente,pendiente,
JEV-P11-009,P11,B,https://notebook.google.com/notebook/703b4f94-7e0f-46e4-8fa1-7df6cb846fa0,en_revision,Antigravity,docs/programa-jev/base-conocimiento/respuestas/P11/JEV-P11-009.md,2026-09-20,20/20,pendiente,pendiente,
JEV-P11-010,P11,B,https://notebook.google.com/notebook/703b4f94-7e0f-46e4-8fa1-7df6cb846fa0,en_revision,Antigravity,docs/programa-jev/base-conocimiento/respuestas/P11/JEV-P11-010.md,2026-09-20,20/20,pendiente,pendiente,
JEV-P11-011,P11,B,https://notebook.google.com/notebook/703b4f94-7e0f-46e4-8fa1-7df6cb846fa0,en_revision,Antigravity,docs/programa-jev/base-conocimiento/respuestas/P11/JEV-P11-011.md,2026-09-20,20/20,pendiente,pendiente,
JEV-P11-012,P11,B,https://notebook.google.com/notebook/703b4f94-7e0f-46e4-8fa1-7df6cb846fa0,en_revision,Antigravity,docs/programa-jev/base-conocimiento/respuestas/P11/JEV-P11-012.md,2026-09-20,20/20,pendiente,pendiente,
JEV-P11-013,P11,B,https://notebook.google.com/notebook/703b4f94-7e0f-46e4-8fa1-7df6cb846fa0,en_revision,Antigravity,docs/programa-jev/base-conocimiento/respuestas/P11/JEV-P11-013.md,2026-09-20,20/20,pendiente,pendiente,
JEV-P11-014,P11,B,https://notebook.google.com/notebook/703b4f94-7e0f-46e4-8fa1-7df6cb846fa0,en_revision,Antigravity,docs/programa-jev/base-conocimiento/respuestas/P11/JEV-P11-014.md,2026-09-20,20/20,pendiente,pendiente,
JEV-P11-015,P11,B,https://notebook.google.com/notebook/703b4f94-7e0f-46e4-8fa1-7df6cb846fa0,en_revision,Antigravity,docs/programa-jev/base-conocimiento/respuestas/P11/JEV-P11-015.md,2026-09-20,20/20,pendiente,pendiente,
JEV-P11-016,P11,B,https://notebook.google.com/notebook/703b4f94-7e0f-46e4-8fa1-7df6cb846fa0,en_revision,Antigravity,docs/programa-jev/base-conocimiento/respuestas/P11/JEV-P11-016.md,2026-09-20,20/20,pendiente,pendiente,
JEV-P11-017,P11,B,https://notebook.google.com/notebook/703b4f94-7e0f-46e4-8fa1-7df6cb846fa0,en_revision,Antigravity,docs/programa-jev/base-conocimiento/respuestas/P11/JEV-P11-017.md,2026-09-20,20/20,pendiente,pendiente,
JEV-P11-018,P11,B,https://notebook.google.com/notebook/703b4f94-7e0f-46e4-8fa1-7df6cb846fa0,en_revision,Antigravity,docs/programa-jev/base-conocimiento/respuestas/P11/JEV-P11-018.md,2026-09-20,20/20,pendiente,pendiente,
JEV-P11-019,P11,B,https://notebook.google.com/notebook/703b4f94-7e0f-46e4-8fa1-7df6cb846fa0,en_revision,Antigravity,docs/programa-jev/base-conocimiento/respuestas/P11/JEV-P11-019.md,2026-09-20,20/20,pendiente,pendiente,
JEV-P11-020,P11,B,https://notebook.google.com/notebook/703b4f94-7e0f-46e4-8fa1-7df6cb846fa0,en_revision,Antigravity,docs/programa-jev/base-conocimiento/respuestas/P11/JEV-P11-020.md,2026-09-20,20/20,pendiente,pendiente,
JEV-P12-001,P12,A,https://notebook.google.com/notebook/5b02c0e7-672b-44b8-8b7c-a10c718f9f6f,en_revision,Antigravity,docs/programa-jev/base-conocimiento/respuestas/P12/JEV-P12-001.md,2026-09-20,20/20,pendiente,pendiente,
JEV-P12-002,P12,A,https://notebook.google.com/notebook/5b02c0e7-672b-44b8-8b7c-a10c718f9f6f,en_revision,Antigravity,docs/programa-jev/base-conocimiento/respuestas/P12/JEV-P12-002.md,2026-09-20,20/20,pendiente,pendiente,
JEV-P12-003,P12,A,https://notebook.google.com/notebook/5b02c0e7-672b-44b8-8b7c-a10c718f9f6f,en_revision,Antigravity,docs/programa-jev/base-conocimiento/respuestas/P12/JEV-P12-003.md,2026-09-20,20/20,pendiente,pendiente,
JEV-P12-004,P12,A,https://notebook.google.com/notebook/5b02c0e7-672b-44b8-8b7c-a10c718f9f6f,en_revision,Antigravity,docs/programa-jev/base-conocimiento/respuestas/P12/JEV-P12-004.md,2026-09-20,20/20,pendiente,pendiente,
JEV-P12-005,P12,A,https://notebook.google.com/notebook/5b02c0e7-672b-44b8-8b7c-a10c718f9f6f,en_revision,Antigravity,docs/programa-jev/base-conocimiento/respuestas/P12/JEV-P12-005.md,2026-09-20,20/20,pendiente,pendiente,
JEV-P12-006,P12,B,https://notebook.google.com/notebook/5b02c0e7-672b-44b8-8b7c-a10c718f9f6f,en_revision,Antigravity,docs/programa-jev/base-conocimiento/respuestas/P12/JEV-P12-006.md,2026-09-20,20/20,pendiente,pendiente,
JEV-P12-007,P12,A,https://notebook.google.com/notebook/5b02c0e7-672b-44b8-8b7c-a10c718f9f6f,en_revision,Antigravity,docs/programa-jev/base-conocimiento/respuestas/P12/JEV-P12-007.md,2026-09-20,20/20,pendiente,pendiente,
JEV-P12-008,P12,B,https://notebook.google.com/notebook/5b02c0e7-672b-44b8-8b7c-a10c718f9f6f,en_revision,Antigravity,docs/programa-jev/base-conocimiento/respuestas/P12/JEV-P12-008.md,2026-09-20,20/20,pendiente,pendiente,
JEV-P12-009,P12,B,https://notebook.google.com/notebook/5b02c0e7-672b-44b8-8b7c-a10c718f9f6f,en_revision,Antigravity,docs/programa-jev/base-conocimiento/respuestas/P12/JEV-P12-009.md,2026-09-20,20/20,pendiente,pendiente,
JEV-P12-010,P12,B,https://notebook.google.com/notebook/5b02c0e7-672b-44b8-8b7c-a10c718f9f6f,en_revision,Antigravity,docs/programa-jev/base-conocimiento/respuestas/P12/JEV-P12-010.md,2026-09-20,20/20,pendiente,pendiente,
JEV-P12-011,P12,B,https://notebook.google.com/notebook/5b02c0e7-672b-44b8-8b7c-a10c718f9f6f,en_revision,Antigravity,docs/programa-jev/base-conocimiento/respuestas/P12/JEV-P12-011.md,2026-09-20,20/20,pendiente,pendiente,
JEV-P12-012,P12,B,https://notebook.google.com/notebook/5b02c0e7-672b-44b8-8b7c-a10c718f9f6f,en_revision,Antigravity,docs/programa-jev/base-conocimiento/respuestas/P12/JEV-P12-012.md,2026-09-20,20/20,pendiente,pendiente,
JEV-P12-013,P12,B,https://notebook.google.com/notebook/5b02c0e7-672b-44b8-8b7c-a10c718f9f6f,en_revision,Antigravity,docs/programa-jev/base-conocimiento/respuestas/P12/JEV-P12-013.md,2026-09-20,20/20,pendiente,pendiente,
JEV-P12-014,P12,B,https://notebook.google.com/notebook/5b02c0e7-672b-44b8-8b7c-a10c718f9f6f,en_revision,Antigravity,docs/programa-jev/base-conocimiento/respuestas/P12/JEV-P12-014.md,2026-09-20,20/20,pendiente,pendiente,
JEV-P12-015,P12,B,https://notebook.google.com/notebook/5b02c0e7-672b-44b8-8b7c-a10c718f9f6f,en_revision,Antigravity,docs/programa-jev/base-conocimiento/respuestas/P12/JEV-P12-015.md,2026-09-20,20/20,pendiente,pendiente,
JEV-P12-016,P12,B,https://notebook.google.com/notebook/5b02c0e7-672b-44b8-8b7c-a10c718f9f6f,en_revision,Antigravity,docs/programa-jev/base-conocimiento/respuestas/P12/JEV-P12-016.md,2026-09-20,20/20,pendiente,pendiente,
JEV-P12-017,P12,B,https://notebook.google.com/notebook/5b02c0e7-672b-44b8-8b7c-a10c718f9f6f,en_revision,Antigravity,docs/programa-jev/base-conocimiento/respuestas/P12/JEV-P12-017.md,2026-09-20,20/20,pendiente,pendiente,
JEV-P12-018,P12,B,https://notebook.google.com/notebook/5b02c0e7-672b-44b8-8b7c-a10c718f9f6f,en_revision,Antigravity,docs/programa-jev/base-conocimiento/respuestas/P12/JEV-P12-018.md,2026-09-20,20/20,pendiente,pendiente,
JEV-P12-019,P12,B,https://notebook.google.com/notebook/5b02c0e7-672b-44b8-8b7c-a10c718f9f6f,en_revision,Antigravity,docs/programa-jev/base-conocimiento/respuestas/P12/JEV-P12-019.md,2026-09-20,20/20,pendiente,pendiente,
JEV-P12-020,P12,B,https://notebook.google.com/notebook/5b02c0e7-672b-44b8-8b7c-a10c718f9f6f,en_revision,Antigravity,docs/programa-jev/base-conocimiento/respuestas/P12/JEV-P12-020.md,2026-09-20,20/20,pendiente,pendiente,
JEV-P13-001,P13,A,https://notebook.google.com/notebook/506663b3-f795-4261-9937-2f90a8d0620d,en_revision,Antigravity,docs/programa-jev/base-conocimiento/respuestas/P13/JEV-P13-001.md,2026-09-20,20/20,pendiente,pendiente,
JEV-P13-002,P13,A,https://notebook.google.com/notebook/506663b3-f795-4261-9937-2f90a8d0620d,en_revision,Antigravity,docs/programa-jev/base-conocimiento/respuestas/P13/JEV-P13-002.md,2026-09-20,20/20,pendiente,pendiente,
JEV-P13-003,P13,A,https://notebook.google.com/notebook/506663b3-f795-4261-9937-2f90a8d0620d,en_revision,Antigravity,docs/programa-jev/base-conocimiento/respuestas/P13/JEV-P13-003.md,2026-09-20,20/20,pendiente,pendiente,
JEV-P13-004,P13,A,https://notebook.google.com/notebook/506663b3-f795-4261-9937-2f90a8d0620d,en_revision,Antigravity,docs/programa-jev/base-conocimiento/respuestas/P13/JEV-P13-004.md,2026-09-20,20/20,pendiente,pendiente,
JEV-P13-005,P13,A,https://notebook.google.com/notebook/506663b3-f795-4261-9937-2f90a8d0620d,en_revision,Antigravity,docs/programa-jev/base-conocimiento/respuestas/P13/JEV-P13-005.md,2026-09-20,20/20,pendiente,pendiente,
JEV-P13-006,P13,A,https://notebook.google.com/notebook/506663b3-f795-4261-9937-2f90a8d0620d,en_revision,Antigravity,docs/programa-jev/base-conocimiento/respuestas/P13/JEV-P13-006.md,2026-09-20,20/20,pendiente,pendiente,
JEV-P13-007,P13,B,https://notebook.google.com/notebook/506663b3-f795-4261-9937-2f90a8d0620d,en_revision,Antigravity,docs/programa-jev/base-conocimiento/respuestas/P13/JEV-P13-007.md,2026-09-20,20/20,pendiente,pendiente,
JEV-P13-008,P13,B,https://notebook.google.com/notebook/506663b3-f795-4261-9937-2f90a8d0620d,en_revision,Antigravity,docs/programa-jev/base-conocimiento/respuestas/P13/JEV-P13-008.md,2026-09-20,20/20,pendiente,pendiente,
JEV-P13-009,P13,B,https://notebook.google.com/notebook/506663b3-f795-4261-9937-2f90a8d0620d,en_revision,Antigravity,docs/programa-jev/base-conocimiento/respuestas/P13/JEV-P13-009.md,2026-09-20,20/20,pendiente,pendiente,
JEV-P13-010,P13,B,https://notebook.google.com/notebook/506663b3-f795-4261-9937-2f90a8d0620d,en_revision,Antigravity,docs/programa-jev/base-conocimiento/respuestas/P13/JEV-P13-010.md,2026-09-20,20/20,pendiente,pendiente,
JEV-P13-011,P13,B,https://notebook.google.com/notebook/506663b3-f795-4261-9937-2f90a8d0620d,en_revision,Antigravity,docs/programa-jev/base-conocimiento/respuestas/P13/JEV-P13-011.md,2026-09-20,20/20,pendiente,pendiente,
JEV-P13-012,P13,B,https://notebook.google.com/notebook/506663b3-f795-4261-9937-2f90a8d0620d,en_revision,Antigravity,docs/programa-jev/base-conocimiento/respuestas/P13/JEV-P13-012.md,2026-09-20,20/20,pendiente,pendiente,
JEV-P13-013,P13,B,https://notebook.google.com/notebook/506663b3-f795-4261-9937-2f90a8d0620d,en_revision,Antigravity,docs/programa-jev/base-conocimiento/respuestas/P13/JEV-P13-013.md,2026-09-20,20/20,pendiente,pendiente,
JEV-P13-014,P13,B,https://notebook.google.com/notebook/506663b3-f795-4261-9937-2f90a8d0620d,en_revision,Antigravity,docs/programa-jev/base-conocimiento/respuestas/P13/JEV-P13-014.md,2026-09-20,20/20,pendiente,pendiente,
JEV-P13-015,P13,B,https://notebook.google.com/notebook/506663b3-f795-4261-9937-2f90a8d0620d,en_revision,Antigravity,docs/programa-jev/base-conocimiento/respuestas/P13/JEV-P13-015.md,2026-09-20,20/20,pendiente,pendiente,
JEV-P13-016,P13,B,https://notebook.google.com/notebook/506663b3-f795-4261-9937-2f90a8d0620d,en_revision,Antigravity,docs/programa-jev/base-conocimiento/respuestas/P13/JEV-P13-016.md,2026-09-20,20/20,pendiente,pendiente,
JEV-P13-017,P13,B,https://notebook.google.com/notebook/506663b3-f795-4261-9937-2f90a8d0620d,en_revision,Antigravity,docs/programa-jev/base-conocimiento/respuestas/P13/JEV-P13-017.md,2026-09-20,20/20,pendiente,pendiente,
JEV-P13-018,P13,B,https://notebook.google.com/notebook/506663b3-f795-4261-9937-2f90a8d0620d,en_revision,Antigravity,docs/programa-jev/base-conocimiento/respuestas/P13/JEV-P13-018.md,2026-09-20,20/20,pendiente,pendiente,
JEV-P13-019,P13,B,https://notebook.google.com/notebook/506663b3-f795-4261-9937-2f90a8d0620d,en_revision,Antigravity,docs/programa-jev/base-conocimiento/respuestas/P13/JEV-P13-019.md,2026-09-20,20/20,pendiente,pendiente,
JEV-P13-020,P13,B,https://notebook.google.com/notebook/506663b3-f795-4261-9937-2f90a8d0620d,en_revision,Antigravity,docs/programa-jev/base-conocimiento/respuestas/P13/JEV-P13-020.md,2026-09-20,20/20,pendiente,pendiente,
JEV-P14-001,P14,A,https://notebook.google.com/notebook/09bdc613-0fa8-4564-863d-7c3b7904c886,en_revision,Antigravity,docs/programa-jev/base-conocimiento/respuestas/P14/JEV-P14-001.md,2026-09-20,20/20,pendiente,pendiente,
JEV-P14-002,P14,A,https://notebook.google.com/notebook/09bdc613-0fa8-4564-863d-7c3b7904c886,en_revision,Antigravity,docs/programa-jev/base-conocimiento/respuestas/P14/JEV-P14-002.md,2026-09-20,20/20,pendiente,pendiente,
JEV-P14-003,P14,A,https://notebook.google.com/notebook/09bdc613-0fa8-4564-863d-7c3b7904c886,en_revision,Antigravity,docs/programa-jev/base-conocimiento/respuestas/P14/JEV-P14-003.md,2026-09-20,20/20,pendiente,pendiente,
JEV-P14-004,P14,A,https://notebook.google.com/notebook/09bdc613-0fa8-4564-863d-7c3b7904c886,en_revision,Antigravity,docs/programa-jev/base-conocimiento/respuestas/P14/JEV-P14-004.md,2026-09-20,20/20,pendiente,pendiente,
JEV-P14-005,P14,A,https://notebook.google.com/notebook/09bdc613-0fa8-4564-863d-7c3b7904c886,en_revision,Antigravity,docs/programa-jev/base-conocimiento/respuestas/P14/JEV-P14-005.md,2026-09-20,20/20,pendiente,pendiente,
JEV-P14-006,P14,B,https://notebook.google.com/notebook/09bdc613-0fa8-4564-863d-7c3b7904c886,en_revision,Antigravity,docs/programa-jev/base-conocimiento/respuestas/P14/JEV-P14-006.md,2026-09-20,20/20,pendiente,pendiente,
JEV-P14-007,P14,B,https://notebook.google.com/notebook/09bdc613-0fa8-4564-863d-7c3b7904c886,en_revision,Antigravity,docs/programa-jev/base-conocimiento/respuestas/P14/JEV-P14-007.md,2026-09-20,20/20,pendiente,pendiente,
JEV-P14-008,P14,B,https://notebook.google.com/notebook/09bdc613-0fa8-4564-863d-7c3b7904c886,en_revision,Antigravity,docs/programa-jev/base-conocimiento/respuestas/P14/JEV-P14-008.md,2026-09-20,20/20,pendiente,pendiente,
JEV-P14-009,P14,B,https://notebook.google.com/notebook/09bdc613-0fa8-4564-863d-7c3b7904c886,en_revision,Antigravity,docs/programa-jev/base-conocimiento/respuestas/P14/JEV-P14-009.md,2026-09-20,20/20,pendiente,pendiente,
JEV-P14-010,P14,B,https://notebook.google.com/notebook/09bdc613-0fa8-4564-863d-7c3b7904c886,en_revision,Antigravity,docs/programa-jev/base-conocimiento/respuestas/P14/JEV-P14-010.md,2026-09-20,20/20,pendiente,pendiente,
JEV-P14-011,P14,B,https://notebook.google.com/notebook/09bdc613-0fa8-4564-863d-7c3b7904c886,en_revision,Antigravity,docs/programa-jev/base-conocimiento/respuestas/P14/JEV-P14-011.md,2026-09-20,20/20,pendiente,pendiente,
JEV-P14-012,P14,B,https://notebook.google.com/notebook/09bdc613-0fa8-4564-863d-7c3b7904c886,en_revision,Antigravity,docs/programa-jev/base-conocimiento/respuestas/P14/JEV-P14-012.md,2026-09-20,20/20,pendiente,pendiente,
JEV-P14-013,P14,B,https://notebook.google.com/notebook/09bdc613-0fa8-4564-863d-7c3b7904c886,en_revision,Antigravity,docs/programa-jev/base-conocimiento/respuestas/P14/JEV-P14-013.md,2026-09-20,20/20,pendiente,pendiente,
JEV-P14-014,P14,B,https://notebook.google.com/notebook/09bdc613-0fa8-4564-863d-7c3b7904c886,en_revision,Antigravity,docs/programa-jev/base-conocimiento/respuestas/P14/JEV-P14-014.md,2026-09-20,20/20,pendiente,pendiente,
JEV-P14-015,P14,B,https://notebook.google.com/notebook/09bdc613-0fa8-4564-863d-7c3b7904c886,en_revision,Antigravity,docs/programa-jev/base-conocimiento/respuestas/P14/JEV-P14-015.md,2026-09-20,20/20,pendiente,pendiente,
JEV-P14-016,P14,B,https://notebook.google.com/notebook/09bdc613-0fa8-4564-863d-7c3b7904c886,en_revision,Antigravity,docs/programa-jev/base-conocimiento/respuestas/P14/JEV-P14-016.md,2026-09-20,20/20,pendiente,pendiente,
JEV-P14-017,P14,B,https://notebook.google.com/notebook/09bdc613-0fa8-4564-863d-7c3b7904c886,en_revision,Antigravity,docs/programa-jev/base-conocimiento/respuestas/P14/JEV-P14-017.md,2026-09-20,20/20,pendiente,pendiente,
JEV-P14-018,P14,B,https://notebook.google.com/notebook/09bdc613-0fa8-4564-863d-7c3b7904c886,en_revision,Antigravity,docs/programa-jev/base-conocimiento/respuestas/P14/JEV-P14-018.md,2026-09-20,20/20,pendiente,pendiente,
JEV-P14-019,P14,B,https://notebook.google.com/notebook/09bdc613-0fa8-4564-863d-7c3b7904c886,en_revision,Antigravity,docs/programa-jev/base-conocimiento/respuestas/P14/JEV-P14-019.md,2026-09-20,20/20,pendiente,pendiente,
JEV-P14-020,P14,B,https://notebook.google.com/notebook/09bdc613-0fa8-4564-863d-7c3b7904c886,en_revision,Antigravity,docs/programa-jev/base-conocimiento/respuestas/P14/JEV-P14-020.md,2026-09-20,20/20,pendiente,pendiente,
JEV-P15-001,P15,A,https://notebook.google.com/notebook/318f16ab-eadb-4404-a033-7488fb20d193,en_revision,Antigravity,docs/programa-jev/base-conocimiento/respuestas/P15/JEV-P15-001.md,2026-09-20,20/20,pendiente,pendiente,
JEV-P15-002,P15,A,https://notebook.google.com/notebook/318f16ab-eadb-4404-a033-7488fb20d193,en_revision,Antigravity,docs/programa-jev/base-conocimiento/respuestas/P15/JEV-P15-002.md,2026-09-20,20/20,pendiente,pendiente,
JEV-P15-003,P15,A,https://notebook.google.com/notebook/318f16ab-eadb-4404-a033-7488fb20d193,en_revision,Antigravity,docs/programa-jev/base-conocimiento/respuestas/P15/JEV-P15-003.md,2026-09-20,20/20,pendiente,pendiente,
JEV-P15-004,P15,A,https://notebook.google.com/notebook/318f16ab-eadb-4404-a033-7488fb20d193,en_revision,Antigravity,docs/programa-jev/base-conocimiento/respuestas/P15/JEV-P15-004.md,2026-09-20,20/20,pendiente,pendiente,
JEV-P15-005,P15,A,https://notebook.google.com/notebook/318f16ab-eadb-4404-a033-7488fb20d193,en_revision,Antigravity,docs/programa-jev/base-conocimiento/respuestas/P15/JEV-P15-005.md,2026-09-20,20/20,pendiente,pendiente,
JEV-P15-006,P15,B,https://notebook.google.com/notebook/318f16ab-eadb-4404-a033-7488fb20d193,en_revision,Antigravity,docs/programa-jev/base-conocimiento/respuestas/P15/JEV-P15-006.md,2026-09-20,20/20,pendiente,pendiente,
JEV-P15-007,P15,B,https://notebook.google.com/notebook/318f16ab-eadb-4404-a033-7488fb20d193,en_revision,Antigravity,docs/programa-jev/base-conocimiento/respuestas/P15/JEV-P15-007.md,2026-09-20,20/20,pendiente,pendiente,
JEV-P15-008,P15,B,https://notebook.google.com/notebook/318f16ab-eadb-4404-a033-7488fb20d193,en_revision,Antigravity,docs/programa-jev/base-conocimiento/respuestas/P15/JEV-P15-008.md,2026-09-20,20/20,pendiente,pendiente,
JEV-P15-009,P15,B,https://notebook.google.com/notebook/318f16ab-eadb-4404-a033-7488fb20d193,en_revision,Antigravity,docs/programa-jev/base-conocimiento/respuestas/P15/JEV-P15-009.md,2026-09-20,20/20,pendiente,pendiente,
JEV-P15-010,P15,B,https://notebook.google.com/notebook/318f16ab-eadb-4404-a033-7488fb20d193,en_revision,Antigravity,docs/programa-jev/base-conocimiento/respuestas/P15/JEV-P15-010.md,2026-09-20,20/20,pendiente,pendiente,
JEV-P15-011,P15,B,https://notebook.google.com/notebook/318f16ab-eadb-4404-a033-7488fb20d193,en_revision,Antigravity,docs/programa-jev/base-conocimiento/respuestas/P15/JEV-P15-011.md,2026-09-20,20/20,pendiente,pendiente,
JEV-P15-012,P15,B,https://notebook.google.com/notebook/318f16ab-eadb-4404-a033-7488fb20d193,en_revision,Antigravity,docs/programa-jev/base-conocimiento/respuestas/P15/JEV-P15-012.md,2026-09-20,20/20,pendiente,pendiente,
JEV-P15-013,P15,B,https://notebook.google.com/notebook/318f16ab-eadb-4404-a033-7488fb20d193,en_revision,Antigravity,docs/programa-jev/base-conocimiento/respuestas/P15/JEV-P15-013.md,2026-09-20,20/20,pendiente,pendiente,
JEV-P15-014,P15,B,https://notebook.google.com/notebook/318f16ab-eadb-4404-a033-7488fb20d193,en_revision,Antigravity,docs/programa-jev/base-conocimiento/respuestas/P15/JEV-P15-014.md,2026-09-20,20/20,pendiente,pendiente,
JEV-P15-015,P15,B,https://notebook.google.com/notebook/318f16ab-eadb-4404-a033-7488fb20d193,en_revision,Antigravity,docs/programa-jev/base-conocimiento/respuestas/P15/JEV-P15-015.md,2026-09-20,20/20,pendiente,pendiente,
JEV-P15-016,P15,B,https://notebook.google.com/notebook/318f16ab-eadb-4404-a033-7488fb20d193,en_revision,Antigravity,docs/programa-jev/base-conocimiento/respuestas/P15/JEV-P15-016.md,2026-09-20,20/20,pendiente,pendiente,
JEV-P15-017,P15,B,https://notebook.google.com/notebook/318f16ab-eadb-4404-a033-7488fb20d193,en_revision,Antigravity,docs/programa-jev/base-conocimiento/respuestas/P15/JEV-P15-017.md,2026-09-20,20/20,pendiente,pendiente,
JEV-P15-018,P15,B,https://notebook.google.com/notebook/318f16ab-eadb-4404-a033-7488fb20d193,en_revision,Antigravity,docs/programa-jev/base-conocimiento/respuestas/P15/JEV-P15-018.md,2026-09-20,20/20,pendiente,pendiente,
JEV-P15-019,P15,B,https://notebook.google.com/notebook/318f16ab-eadb-4404-a033-7488fb20d193,en_revision,Antigravity,docs/programa-jev/base-conocimiento/respuestas/P15/JEV-P15-019.md,2026-09-20,20/20,pendiente,pendiente,
JEV-P15-020,P15,B,https://notebook.google.com/notebook/318f16ab-eadb-4404-a033-7488fb20d193,en_revision,Antigravity,docs/programa-jev/base-conocimiento/respuestas/P15/JEV-P15-020.md,2026-09-20,20/20,pendiente,pendiente,
JEV-P16-001,P16,A,https://notebook.google.com/notebook/a4f0e05a-2aff-4ea4-a6c3-2126782e9d9e,en_revision,Antigravity,docs/programa-jev/base-conocimiento/respuestas/P16/JEV-P16-001.md,2026-09-20,20/20,pendiente,pendiente,
JEV-P16-002,P16,A,https://notebook.google.com/notebook/a4f0e05a-2aff-4ea4-a6c3-2126782e9d9e,en_revision,Antigravity,docs/programa-jev/base-conocimiento/respuestas/P16/JEV-P16-002.md,2026-09-20,20/20,pendiente,pendiente,
JEV-P16-003,P16,A,https://notebook.google.com/notebook/a4f0e05a-2aff-4ea4-a6c3-2126782e9d9e,en_revision,Antigravity,docs/programa-jev/base-conocimiento/respuestas/P16/JEV-P16-003.md,2026-09-20,20/20,pendiente,pendiente,
JEV-P16-004,P16,A,https://notebook.google.com/notebook/a4f0e05a-2aff-4ea4-a6c3-2126782e9d9e,en_revision,Antigravity,docs/programa-jev/base-conocimiento/respuestas/P16/JEV-P16-004.md,2026-09-20,20/20,pendiente,pendiente,
JEV-P16-005,P16,A,https://notebook.google.com/notebook/a4f0e05a-2aff-4ea4-a6c3-2126782e9d9e,en_revision,Antigravity,docs/programa-jev/base-conocimiento/respuestas/P16/JEV-P16-005.md,2026-09-20,20/20,pendiente,pendiente,
JEV-P16-006,P16,B,https://notebook.google.com/notebook/a4f0e05a-2aff-4ea4-a6c3-2126782e9d9e,en_revision,Antigravity,docs/programa-jev/base-conocimiento/respuestas/P16/JEV-P16-006.md,2026-09-20,20/20,pendiente,pendiente,
JEV-P16-007,P16,B,https://notebook.google.com/notebook/a4f0e05a-2aff-4ea4-a6c3-2126782e9d9e,en_revision,Antigravity,docs/programa-jev/base-conocimiento/respuestas/P16/JEV-P16-007.md,2026-09-20,20/20,pendiente,pendiente,
JEV-P16-008,P16,B,https://notebook.google.com/notebook/a4f0e05a-2aff-4ea4-a6c3-2126782e9d9e,en_revision,Antigravity,docs/programa-jev/base-conocimiento/respuestas/P16/JEV-P16-008.md,2026-09-20,20/20,pendiente,pendiente,
JEV-P16-009,P16,B,https://notebook.google.com/notebook/a4f0e05a-2aff-4ea4-a6c3-2126782e9d9e,en_revision,Antigravity,docs/programa-jev/base-conocimiento/respuestas/P16/JEV-P16-009.md,2026-09-20,20/20,pendiente,pendiente,
JEV-P16-010,P16,B,https://notebook.google.com/notebook/a4f0e05a-2aff-4ea4-a6c3-2126782e9d9e,en_revision,Antigravity,docs/programa-jev/base-conocimiento/respuestas/P16/JEV-P16-010.md,2026-09-20,20/20,pendiente,pendiente,
JEV-P16-011,P16,B,https://notebook.google.com/notebook/a4f0e05a-2aff-4ea4-a6c3-2126782e9d9e,en_revision,Antigravity,docs/programa-jev/base-conocimiento/respuestas/P16/JEV-P16-011.md,2026-09-20,20/20,pendiente,pendiente,
JEV-P16-012,P16,B,https://notebook.google.com/notebook/a4f0e05a-2aff-4ea4-a6c3-2126782e9d9e,en_revision,Antigravity,docs/programa-jev/base-conocimiento/respuestas/P16/JEV-P16-012.md,2026-09-20,20/20,pendiente,pendiente,
JEV-P16-013,P16,B,https://notebook.google.com/notebook/a4f0e05a-2aff-4ea4-a6c3-2126782e9d9e,en_revision,Antigravity,docs/programa-jev/base-conocimiento/respuestas/P16/JEV-P16-013.md,2026-09-20,20/20,pendiente,pendiente,
JEV-P16-014,P16,B,https://notebook.google.com/notebook/a4f0e05a-2aff-4ea4-a6c3-2126782e9d9e,en_revision,Antigravity,docs/programa-jev/base-conocimiento/respuestas/P16/JEV-P16-014.md,2026-09-20,20/20,pendiente,pendiente,
JEV-P16-015,P16,B,https://notebook.google.com/notebook/a4f0e05a-2aff-4ea4-a6c3-2126782e9d9e,en_revision,Antigravity,docs/programa-jev/base-conocimiento/respuestas/P16/JEV-P16-015.md,2026-09-20,20/20,pendiente,pendiente,
JEV-P16-016,P16,B,https://notebook.google.com/notebook/a4f0e05a-2aff-4ea4-a6c3-2126782e9d9e,en_revision,Antigravity,docs/programa-jev/base-conocimiento/respuestas/P16/JEV-P16-016.md,2026-09-20,20/20,pendiente,pendiente,
JEV-P16-017,P16,B,https://notebook.google.com/notebook/a4f0e05a-2aff-4ea4-a6c3-2126782e9d9e,en_revision,Antigravity,docs/programa-jev/base-conocimiento/respuestas/P16/JEV-P16-017.md,2026-09-20,20/20,pendiente,pendiente,
JEV-P16-018,P16,B,https://notebook.google.com/notebook/a4f0e05a-2aff-4ea4-a6c3-2126782e9d9e,en_revision,Antigravity,docs/programa-jev/base-conocimiento/respuestas/P16/JEV-P16-018.md,2026-09-20,20/20,pendiente,pendiente,
JEV-P16-019,P16,B,https://notebook.google.com/notebook/a4f0e05a-2aff-4ea4-a6c3-2126782e9d9e,en_revision,Antigravity,docs/programa-jev/base-conocimiento/respuestas/P16/JEV-P16-019.md,2026-09-20,20/20,pendiente,pendiente,
JEV-P16-020,P16,B,https://notebook.google.com/notebook/a4f0e05a-2aff-4ea4-a6c3-2126782e9d9e,en_revision,Antigravity,docs/programa-jev/base-conocimiento/respuestas/P16/JEV-P16-020.md,2026-09-20,20/20,pendiente,pendiente,
JEV-P17-001,P17,A,https://notebook.google.com/notebook/64b17185-5943-4aeb-b858-3a09ef5749f4,en_revision,Antigravity,docs/programa-jev/base-conocimiento/respuestas/P17/JEV-P17-001.md,2026-09-20,20/20,pendiente,pendiente,
JEV-P17-002,P17,A,https://notebook.google.com/notebook/64b17185-5943-4aeb-b858-3a09ef5749f4,en_revision,Antigravity,docs/programa-jev/base-conocimiento/respuestas/P17/JEV-P17-002.md,2026-09-20,20/20,pendiente,pendiente,
JEV-P17-003,P17,A,https://notebook.google.com/notebook/64b17185-5943-4aeb-b858-3a09ef5749f4,en_revision,Antigravity,docs/programa-jev/base-conocimiento/respuestas/P17/JEV-P17-003.md,2026-09-20,20/20,pendiente,pendiente,
JEV-P17-004,P17,A,https://notebook.google.com/notebook/64b17185-5943-4aeb-b858-3a09ef5749f4,en_revision,Antigravity,docs/programa-jev/base-conocimiento/respuestas/P17/JEV-P17-004.md,2026-09-20,20/20,pendiente,pendiente,
JEV-P17-005,P17,A,https://notebook.google.com/notebook/64b17185-5943-4aeb-b858-3a09ef5749f4,en_revision,Antigravity,docs/programa-jev/base-conocimiento/respuestas/P17/JEV-P17-005.md,2026-09-20,20/20,pendiente,pendiente,
JEV-P17-006,P17,B,https://notebook.google.com/notebook/64b17185-5943-4aeb-b858-3a09ef5749f4,en_revision,Antigravity,docs/programa-jev/base-conocimiento/respuestas/P17/JEV-P17-006.md,2026-09-20,20/20,pendiente,pendiente,
JEV-P17-007,P17,B,https://notebook.google.com/notebook/64b17185-5943-4aeb-b858-3a09ef5749f4,en_revision,Antigravity,docs/programa-jev/base-conocimiento/respuestas/P17/JEV-P17-007.md,2026-09-20,20/20,pendiente,pendiente,
JEV-P17-008,P17,B,https://notebook.google.com/notebook/64b17185-5943-4aeb-b858-3a09ef5749f4,en_revision,Antigravity,docs/programa-jev/base-conocimiento/respuestas/P17/JEV-P17-008.md,2026-09-20,20/20,pendiente,pendiente,
JEV-P17-009,P17,B,https://notebook.google.com/notebook/64b17185-5943-4aeb-b858-3a09ef5749f4,en_revision,Antigravity,docs/programa-jev/base-conocimiento/respuestas/P17/JEV-P17-009.md,2026-09-20,20/20,pendiente,pendiente,
JEV-P17-010,P17,B,https://notebook.google.com/notebook/64b17185-5943-4aeb-b858-3a09ef5749f4,en_revision,Antigravity,docs/programa-jev/base-conocimiento/respuestas/P17/JEV-P17-010.md,2026-09-20,20/20,pendiente,pendiente,
JEV-P17-011,P17,B,https://notebook.google.com/notebook/64b17185-5943-4aeb-b858-3a09ef5749f4,en_revision,Antigravity,docs/programa-jev/base-conocimiento/respuestas/P17/JEV-P17-011.md,2026-09-20,20/20,pendiente,pendiente,
JEV-P17-012,P17,B,https://notebook.google.com/notebook/64b17185-5943-4aeb-b858-3a09ef5749f4,en_revision,Antigravity,docs/programa-jev/base-conocimiento/respuestas/P17/JEV-P17-012.md,2026-09-20,20/20,pendiente,pendiente,
JEV-P17-013,P17,B,https://notebook.google.com/notebook/64b17185-5943-4aeb-b858-3a09ef5749f4,en_revision,Antigravity,docs/programa-jev/base-conocimiento/respuestas/P17/JEV-P17-013.md,2026-09-20,20/20,pendiente,pendiente,
JEV-P17-014,P17,B,https://notebook.google.com/notebook/64b17185-5943-4aeb-b858-3a09ef5749f4,en_revision,Antigravity,docs/programa-jev/base-conocimiento/respuestas/P17/JEV-P17-014.md,2026-09-20,20/20,pendiente,pendiente,
JEV-P17-015,P17,B,https://notebook.google.com/notebook/64b17185-5943-4aeb-b858-3a09ef5749f4,en_revision,Antigravity,docs/programa-jev/base-conocimiento/respuestas/P17/JEV-P17-015.md,2026-09-20,20/20,pendiente,pendiente,
JEV-P17-016,P17,B,https://notebook.google.com/notebook/64b17185-5943-4aeb-b858-3a09ef5749f4,en_revision,Antigravity,docs/programa-jev/base-conocimiento/respuestas/P17/JEV-P17-016.md,2026-09-20,20/20,pendiente,pendiente,
JEV-P17-017,P17,B,https://notebook.google.com/notebook/64b17185-5943-4aeb-b858-3a09ef5749f4,en_revision,Antigravity,docs/programa-jev/base-conocimiento/respuestas/P17/JEV-P17-017.md,2026-09-20,20/20,pendiente,pendiente,
JEV-P17-018,P17,B,https://notebook.google.com/notebook/64b17185-5943-4aeb-b858-3a09ef5749f4,en_revision,Antigravity,docs/programa-jev/base-conocimiento/respuestas/P17/JEV-P17-018.md,2026-09-20,20/20,pendiente,pendiente,
JEV-P17-019,P17,B,https://notebook.google.com/notebook/64b17185-5943-4aeb-b858-3a09ef5749f4,en_revision,Antigravity,docs/programa-jev/base-conocimiento/respuestas/P17/JEV-P17-019.md,2026-09-20,20/20,pendiente,pendiente,
JEV-P17-020,P17,B,https://notebook.google.com/notebook/64b17185-5943-4aeb-b858-3a09ef5749f4,en_revision,Antigravity,docs/programa-jev/base-conocimiento/respuestas/P17/JEV-P17-020.md,2026-09-20,20/20,pendiente,pendiente,
JEV-P18-001,P18,A,https://notebook.google.com/notebook/f43387fd-42f3-4d37-8986-c8d9d6039d2a,en_revision,Antigravity,docs/programa-jev/base-conocimiento/respuestas/P18/JEV-P18-001.md,2026-09-20,20/20,pendiente,pendiente,
JEV-P18-002,P18,A,https://notebook.google.com/notebook/f43387fd-42f3-4d37-8986-c8d9d6039d2a,en_revision,Antigravity,docs/programa-jev/base-conocimiento/respuestas/P18/JEV-P18-002.md,2026-09-20,20/20,pendiente,pendiente,
JEV-P18-003,P18,A,https://notebook.google.com/notebook/f43387fd-42f3-4d37-8986-c8d9d6039d2a,en_revision,Antigravity,docs/programa-jev/base-conocimiento/respuestas/P18/JEV-P18-003.md,2026-09-20,20/20,pendiente,pendiente,
JEV-P18-004,P18,A,https://notebook.google.com/notebook/f43387fd-42f3-4d37-8986-c8d9d6039d2a,en_revision,Antigravity,docs/programa-jev/base-conocimiento/respuestas/P18/JEV-P18-004.md,2026-09-20,20/20,pendiente,pendiente,
JEV-P18-005,P18,A,https://notebook.google.com/notebook/f43387fd-42f3-4d37-8986-c8d9d6039d2a,en_revision,Antigravity,docs/programa-jev/base-conocimiento/respuestas/P18/JEV-P18-005.md,2026-09-20,20/20,pendiente,pendiente,
JEV-P18-006,P18,B,https://notebook.google.com/notebook/f43387fd-42f3-4d37-8986-c8d9d6039d2a,en_revision,Antigravity,docs/programa-jev/base-conocimiento/respuestas/P18/JEV-P18-006.md,2026-09-20,20/20,pendiente,pendiente,
JEV-P18-007,P18,B,https://notebook.google.com/notebook/f43387fd-42f3-4d37-8986-c8d9d6039d2a,en_revision,Antigravity,docs/programa-jev/base-conocimiento/respuestas/P18/JEV-P18-007.md,2026-09-20,20/20,pendiente,pendiente,
JEV-P18-008,P18,B,https://notebook.google.com/notebook/f43387fd-42f3-4d37-8986-c8d9d6039d2a,en_revision,Antigravity,docs/programa-jev/base-conocimiento/respuestas/P18/JEV-P18-008.md,2026-09-20,20/20,pendiente,pendiente,
JEV-P18-009,P18,B,https://notebook.google.com/notebook/f43387fd-42f3-4d37-8986-c8d9d6039d2a,en_revision,Antigravity,docs/programa-jev/base-conocimiento/respuestas/P18/JEV-P18-009.md,2026-09-20,20/20,pendiente,pendiente,
JEV-P18-010,P18,B,https://notebook.google.com/notebook/f43387fd-42f3-4d37-8986-c8d9d6039d2a,en_revision,Antigravity,docs/programa-jev/base-conocimiento/respuestas/P18/JEV-P18-010.md,2026-09-20,20/20,pendiente,pendiente,
JEV-P18-011,P18,B,https://notebook.google.com/notebook/f43387fd-42f3-4d37-8986-c8d9d6039d2a,en_revision,Antigravity,docs/programa-jev/base-conocimiento/respuestas/P18/JEV-P18-011.md,2026-09-20,20/20,pendiente,pendiente,
JEV-P18-012,P18,B,https://notebook.google.com/notebook/f43387fd-42f3-4d37-8986-c8d9d6039d2a,en_revision,Antigravity,docs/programa-jev/base-conocimiento/respuestas/P18/JEV-P18-012.md,2026-09-20,20/20,pendiente,pendiente,
JEV-P18-013,P18,B,https://notebook.google.com/notebook/f43387fd-42f3-4d37-8986-c8d9d6039d2a,en_revision,Antigravity,docs/programa-jev/base-conocimiento/respuestas/P18/JEV-P18-013.md,2026-09-20,20/20,pendiente,pendiente,
JEV-P18-014,P18,B,https://notebook.google.com/notebook/f43387fd-42f3-4d37-8986-c8d9d6039d2a,en_revision,Antigravity,docs/programa-jev/base-conocimiento/respuestas/P18/JEV-P18-014.md,2026-09-20,20/20,pendiente,pendiente,
JEV-P18-015,P18,B,https://notebook.google.com/notebook/f43387fd-42f3-4d37-8986-c8d9d6039d2a,en_revision,Antigravity,docs/programa-jev/base-conocimiento/respuestas/P18/JEV-P18-015.md,2026-09-20,20/20,pendiente,pendiente,
JEV-P18-016,P18,B,https://notebook.google.com/notebook/f43387fd-42f3-4d37-8986-c8d9d6039d2a,en_revision,Antigravity,docs/programa-jev/base-conocimiento/respuestas/P18/JEV-P18-016.md,2026-09-20,20/20,pendiente,pendiente,
JEV-P18-017,P18,B,https://notebook.google.com/notebook/f43387fd-42f3-4d37-8986-c8d9d6039d2a,en_revision,Antigravity,docs/programa-jev/base-conocimiento/respuestas/P18/JEV-P18-017.md,2026-09-20,20/20,pendiente,pendiente,
JEV-P18-018,P18,B,https://notebook.google.com/notebook/f43387fd-42f3-4d37-8986-c8d9d6039d2a,en_revision,Antigravity,docs/programa-jev/base-conocimiento/respuestas/P18/JEV-P18-018.md,2026-09-20,20/20,pendiente,pendiente,
JEV-P18-019,P18,B,https://notebook.google.com/notebook/f43387fd-42f3-4d37-8986-c8d9d6039d2a,en_revision,Antigravity,docs/programa-jev/base-conocimiento/respuestas/P18/JEV-P18-019.md,2026-09-20,20/20,pendiente,pendiente,
JEV-P18-020,P18,B,https://notebook.google.com/notebook/f43387fd-42f3-4d37-8986-c8d9d6039d2a,en_revision,Antigravity,docs/programa-jev/base-conocimiento/respuestas/P18/JEV-P18-020.md,2026-09-20,20/20,pendiente,pendiente,
JEV-X-001,X,B,P01-P18,en_revision,Antigravity,docs/programa-jev/base-conocimiento/respuestas/X/JEV-X-001.md,2026-09-20,20/20,pendiente,pendiente,
JEV-X-002,X,B,P01-P18,en_revision,Antigravity,docs/programa-jev/base-conocimiento/respuestas/X/JEV-X-002.md,2026-09-20,20/20,pendiente,pendiente,
JEV-X-003,X,B,P01-P18,en_revision,Antigravity,docs/programa-jev/base-conocimiento/respuestas/X/JEV-X-003.md,2026-09-20,20/20,pendiente,pendiente,
JEV-X-004,X,B,P01-P18,en_revision,Antigravity,docs/programa-jev/base-conocimiento/respuestas/X/JEV-X-004.md,2026-09-20,20/20,pendiente,pendiente,
JEV-X-005,X,B,P01-P18,en_revision,Antigravity,docs/programa-jev/base-conocimiento/respuestas/X/JEV-X-005.md,2026-09-20,20/20,pendiente,pendiente,
JEV-X-006,X,B,P01-P18,en_revision,Antigravity,docs/programa-jev/base-conocimiento/respuestas/X/JEV-X-006.md,2026-09-20,20/20,pendiente,pendiente,
JEV-X-007,X,B,P01-P18,en_revision,Antigravity,docs/programa-jev/base-conocimiento/respuestas/X/JEV-X-007.md,2026-09-20,20/20,pendiente,pendiente,
JEV-X-008,X,B,P01-P18,en_revision,Antigravity,docs/programa-jev/base-conocimiento/respuestas/X/JEV-X-008.md,2026-09-20,20/20,pendiente,pendiente,
JEV-X-009,X,B,P01-P18,en_revision,Antigravity,docs/programa-jev/base-conocimiento/respuestas/X/JEV-X-009.md,2026-09-20,20/20,pendiente,pendiente,
JEV-X-010,X,B,P01-P18,en_revision,Antigravity,docs/programa-jev/base-conocimiento/respuestas/X/JEV-X-010.md,2026-09-20,20/20,pendiente,pendiente,
JEV-X-011,X,B,P01-P18,en_revision,Antigravity,docs/programa-jev/base-conocimiento/respuestas/X/JEV-X-011.md,2026-09-20,20/20,pendiente,pendiente,
JEV-X-012,X,B,P01-P18,en_revision,Antigravity,docs/programa-jev/base-conocimiento/respuestas/X/JEV-X-012.md,2026-09-20,20/20,pendiente,pendiente,
JEV-X-013,X,B,P01-P18,en_revision,Antigravity,docs/programa-jev/base-conocimiento/respuestas/X/JEV-X-013.md,2026-09-20,20/20,pendiente,pendiente,
JEV-X-014,X,B,P01-P18,en_revision,Antigravity,docs/programa-jev/base-conocimiento/respuestas/X/JEV-X-014.md,2026-09-20,20/20,pendiente,pendiente,
JEV-X-015,X,B,P01-P18,en_revision,Antigravity,docs/programa-jev/base-conocimiento/respuestas/X/JEV-X-015.md,2026-09-20,20/20,pendiente,pendiente,
JEV-X-016,X,B,P01-P18,en_revision,Antigravity,docs/programa-jev/base-conocimiento/respuestas/X/JEV-X-016.md,2026-09-20,20/20,pendiente,pendiente,
JEV-X-017,X,B,P01-P18,en_revision,Antigravity,docs/programa-jev/base-conocimiento/respuestas/X/JEV-X-017.md,2026-09-20,20/20,pendiente,pendiente,
JEV-X-018,X,B,P01-P18,en_revision,Antigravity,docs/programa-jev/base-conocimiento/respuestas/X/JEV-X-018.md,2026-09-20,20/20,pendiente,pendiente,
JEV-X-019,X,B,P01-P18,en_revision,Antigravity,docs/programa-jev/base-conocimiento/respuestas/X/JEV-X-019.md,2026-09-20,20/20,pendiente,pendiente,
JEV-X-020,X,B,P01-P18,en_revision,Antigravity,docs/programa-jev/base-conocimiento/respuestas/X/JEV-X-020.md,2026-09-20,20/20,pendiente,pendiente,
JEV-X-021,X,B,P01-P18,en_revision,Antigravity,docs/programa-jev/base-conocimiento/respuestas/X/JEV-X-021.md,2026-09-20,20/20,pendiente,pendiente,
JEV-X-022,X,A,P01-P18,en_revision,Antigravity,docs/programa-jev/base-conocimiento/respuestas/X/JEV-X-022.md,2026-09-20,20/20,pendiente,pendiente,
JEV-X-023,X,A,P01-P18,en_revision,Antigravity,docs/programa-jev/base-conocimiento/respuestas/X/JEV-X-023.md,2026-09-20,20/20,pendiente,pendiente,
JEV-X-024,X,A,P01-P18,en_revision,Antigravity,docs/programa-jev/base-conocimiento/respuestas/X/JEV-X-024.md,2026-09-20,20/20,pendiente,pendiente,
